_id,image_url,pdp_url,product_afterpay,product_description,product_discount,product_name,product_price,product_quantity,product_reviews,varients
611b87b94ff4b188921d89ca,https://assets.theplace.com/image/upload/w_200/v1/ecom/assets/products/gym/3023350/3023350_SV.jpg,https://www.gymboree.com/us/p/Girls-Long-Sleeve-Embroidered-Cowgirl-Boots-Top---Western-Skies-3023350-SV,30,"Dreaming of the wild west and cowgirl adventures in our Western Skies Top.,100% ribbed cotton,Features embroidered cowgirl boots with flowers,Elasticized neck,Shirred cap sleeves,Machine wash; imported,Western Skies Collection",30% OFF,Girls Embroidered Cowgirl Top - Western Skies,18.87,"1,2,3,4,5,6,7,8,9,10,11,12,13,14,15",(0),"{'colour': 'SNOW', 'size': ['12-18 M', '18-24 M', '2T', '3T', '4T', '5T', '6', '7', '8', '10', '12']}"
611b87b94ff4b188921d89cb,https://assets.theplace.com/image/upload/w_200/v1/ecom/assets/products/gym/3023007/3023007_1094.jpg,https://www.gymboree.com/us/p/Girls-Short-Sleeve-Patchwork-Print-Flannel-Ruffle-Dress---Western-Skies-3023007-1094,30,"Pretty floral patches, soft flannel fabric, a ruffle hem and smocked bodice adorn this oh-so-cute Western Skies Dress!,100% cotton flannel,Buttons at back,Features allover patchwork print,Smocked bodice,Ruffle sleeves and hem,Fully lined in cotton batiste,Above-the-knee length,Includes diaper cover made of 100% cotton batiste for sizes 3T and under,Machine wash; imported,Western Skies Collection",30% OFF,Girls Patchwork Ruffle Dress - Western Skies,27.97,"1,2,3,4,5,6,7,8,9,10,11,12,13,14,15",(0),"{'colour': 'ROSE PETAL', 'size': ['12-18 M', '18-24 M', '2T', '3T', '4T', '5T', '6', '7', '8', '10', '12']}"
611b87b94ff4b188921d89cc,https://assets.theplace.com/image/upload/w_200/v1/ecom/assets/products/gym/3023360/3023360_1338.jpg,https://www.gymboree.com/us/p/Girls-Long-Sleeve-Embroidered-Floral-Peasant-Top---Western-Skies-3023360-1338,30,"With embroidered flowers and smocked hem, this Peasant Top from our Western Skies Collection is perfect for Fall.,100% ribbed cotton,Features embroidered flower chains,Elasticized neck, cuffs and hem,Smocked hem,Machine wash; imported,Western Skies Collection",30% OFF,Girls Embroidered Floral Peasant Top - Western Skies,23.07,"1,2,3,4,5,6,7,8,9,10,11,12,13,14,15",(0),"{'colour': 'SPRING SKY', 'size': ['12-18 M', '18-24 M', '2T', '3T', '4T', '5T', '6', '7', '8', '10', '12']}"
611b87ba4ff4b188921d89cd,https://assets.theplace.com/image/upload/w_200/v1/ecom/assets/products/gym/3023674/3023674_SV.jpg,https://www.gymboree.com/us/p/Boys-Long-Sleeve-Embroidered-Cowboy-Top---Western-Skies-3023674-SV,30,"Your little cowboy is ready for an adventure in our Western Skies Embroidered Top!,100% cotton jersey,Features embroidered horseshoe, cowboy boot and hat, sheriff badge and cactus patches,Ribbed neck,Machine wash; imported,Western Skies Collection",40% OFF,Boys Embroidered Cowboy Top - Western Skies,17.37,"1,2,3,4,5,6,7,8,9,10,11,12,13,14,15",(0),"{'colour': 'SNOW', 'size': ['12-18 M', '18-24 M', '2T', '3T', '4T', '5T', '6', '7', '8', '10', '12']}"
611b87ba4ff4b188921d89ce,https://assets.theplace.com/image/upload/w_200/v1/ecom/assets/products/gym/3023388/3023388_32SZ.jpg,https://www.gymboree.com/us/p/Girls-Short-Sleeve-Embroidered-Cowgirl-Hat-Top---Western-Skies-3023388-32SZ,30,"Dreaming of the wild west and cowgirl adventures in our Western Skies Top.,100% ribbed cotton,Features embroidered cowgirl hat with flowers,Ruffle trim at shoulders,Shirred cap sleeves,Machine wash; imported,Western Skies Collection",30% OFF,Girls Embroidered Cowgirl Top - Western Skies,17.47,"1,2,3,4,5,6,7,8,9,10,11,12,13,14,15",(0),"{'colour': 'SAGE FLOWER', 'size': ['12-18 M', '18-24 M', '2T', '3T', '4T', '5T', '6', '7', '8', '10', '12']}"
611b87ba4ff4b188921d89cf,https://assets.theplace.com/image/upload/w_200/v1/ecom/assets/products/gym/3023226/3023226_32CB.jpg,https://www.gymboree.com/us/p/Girls-Knit-Ruffle-Leggings---Western-Skies-3023226-32CB,30,"Long lasting hand-me-down quality, soft cotton fabric and made to wear with all her favorites our Western Skies Leggings are a must-have!,94% cotton/6% elastane,Easy-pull on style,Features ruffle trim at sides,Full length,Machine wash; imported,Western Skies Collection",40% OFF,Girls Ruffle Leggings - Western Skies,11.97,"1,2,3,4,5,6,7,8,9,10,11,12,13,14,15",(0),"{'colour': 'BROWN BEAR', 'size': ['12-18 M', '18-24 M', '2T', '3T', '4T', '5T', '6', '7', '8', '10', '12']}"
611b87ba4ff4b188921d89d0,https://assets.theplace.com/image/upload/w_200/v1/ecom/assets/products/gym/3022986/3022986_2152.jpg,https://www.gymboree.com/us/p/Girls-Chevron-Print-Knit-Leggings---Western-Skies-3022986-2152,30,"Long lasting hand-me-down quality, soft cotton fabric and made to wear with all her favorites... our Western Skies Leggings are a must-have!,94% cotton/6% elastane,Easy-pull on style,Features allover chevron print,Full length,Machine wash; imported,Western Skies Collection",30% OFF,Girls Chevron Leggings - Western Skies,13.97,"1,2,3,4,5,6,7,8,9,10,11,12,13,14,15",(0),"{'colour': 'GRAND CANYON', 'size': ['12-18 M', '18-24 M', '2T', '3T', '4T', '5T', '6', '7', '8', '10', '12']}"
611b87ba4ff4b188921d89d1,https://assets.theplace.com/image/upload/w_200/v1/ecom/assets/products/gym/3022996/3022996_32SZ.jpg,https://www.gymboree.com/us/p/Girls-Long-Sleeve-Embroidered-Horseshoe-Knit-Dress---Western-Skies-3022996-32SZ,30,"Add a little bit of lucky to her style with this embroidered horseshoe dress from our Western Skies Collection!,100% cotton jersey,Easy pull-on style,Features embroidered horseshoe with flowers,Empire waist,Shirred cap sleeves,Unlined,Above-the-knee length,Includes diaper cover made of 100% cotton batiste for sizes 3T and under,Machine wash; imported,Western Skies Collection",40% OFF,Girls Embroidered Horseshoe Dress - Western Skies,17.97,"1,2,3,4,5,6,7,8,9,10,11,12,13,14,15",(1),"{'colour': 'SAGE FLOWER', 'size': ['12-18 M', '18-24 M', '2T', '3T', '4T', '5T', '6', '7', '8', '10', '12']}"
611b87bb4ff4b188921d89d2,https://assets.theplace.com/image/upload/w_200/v1/ecom/assets/products/gym/3022995/3022995_32CB.jpg,https://www.gymboree.com/us/p/Girls-Floral-Print-Ponte-Knit-Jeggings---Western-Skies-3022995-32CB,30,"An easy pull-on waist, pretty floral print and ponte knit fabric... these Western Skies Jeggings are ready for Fall!,59% cotton/36% polyester/5% spandex,Easy-pull on style,Features allover floral print,Center seam at front,Machine wash; imported,Western Skies Collection",30% OFF,Girls Floral Ponte Jeggings - Western Skies,20.27,"1,2,3,4,5,6,7,8,9,10,11,12,13,14,15",(0),"{'colour': 'BROWN BEAR', 'size': ['12-18 M', '18-24 M', '2T', '3T', '4T', '5T', '6', '7', '8', '10', '12']}"
611b87bc4ff4b188921d89d3,https://assets.theplace.com/image/upload/w_200/v1/ecom/assets/products/gym/3023076/3023076_2094.jpg,https://www.gymboree.com/us/p/Boys-Long-Roll-Up-Sleeves-Striped-Henley-Top---Western-Skies-3023076-2094,30,"Your little cowboy is ready for an adventure in our Western Skies Henley Top!,100% cotton jersey,Half-button placket,Features allover stripes,Long sleeves can be rolled up and buttoned,Ribbed neck,Machine wash; imported,Western Skies Collection",40% OFF,Boys Striped Henley Top - Western Skies,14.97,"1,2,3,4,5,6,7,8,9,10,11,12,13,14,15",(0),"{'colour': 'REDLANDS', 'size': ['12-18 M', '18-24 M', '2T', '3T', '4T', '5T', '6', '7', '8', '10', '12']}"
611b87bc4ff4b188921d89d4,https://assets.theplace.com/image/upload/w_200/v1/ecom/assets/products/gym/3023213/3023213_ZP.mp4,https://www.gymboree.com/us/p/Unisex-Adult-Matching-Family-Long-Sleeve--Merry-Christmas-2021--Plaid-Cotton-2-Piece-Pajamas---Gymmies-3023213-ZP,30,"Celebrate together! Create memorable moments with the entire family this holiday season in our matching family Gymmies!,100% cotton jersey,Note: please reference adult size chart for this item,Top features 'Merry Christmas 2021' with Christmas trees and presents,Easy pull-on style bottoms feature allover plaid,Banded leg cuffs,Machine wash; imported,Gymmies Collection",30% OFF,Unisex Adult Merry Christmas Cotton 2-Piece Pajamas - Gymmies,41.97,"1,2,3,4,5,6,7,8,9,10,11,12,13,14,15",(0),"{'colour': 'SALSA', 'size': ['XS', 'S', 'M', 'L', 'XL', 'XXL']}"
611b87bd4ff4b188921d89d5,https://assets.theplace.com/image/upload/w_200/v1/ecom/assets/products/gym/3023400/3023400_1895.jpg,https://www.gymboree.com/us/p/Boys-Long-Sleeve-Embroidered-Cow-2-In-1-Top---Western-Skies-3023400-1895,30,"This Western Skies 2 In 1 Top features embroidered and plaid details.,100% cotton jersey,Features embroidered cow with plaid details,Long layered sleeves,Ribbed neck,Machine wash; imported,Western Skies Collection",30% OFF,Boys Embroidered Cow 2 In 1 Top - Western Skies,20.27,"1,2,3,4,5,6,7,8,9,10,11,12,13,14,15",(0),"{'colour': 'BLUE WAVES', 'size': ['12-18 M', '18-24 M', '2T', '3T', '4T', '5T', '6', '7', '8', '10', '12']}"
611b87bd4ff4b188921d89d6,https://assets.theplace.com/image/upload/w_200/v1/ecom/assets/products/gym/3023051/3023051_SV.jpg,https://www.gymboree.com/us/p/Boys-Long-Sleeve-Embroidered-Horse-Raglan-Top---Western-Skies-3023051-SV,30,"Your little cowboy is ready for an adventure in our Western Skies Raglan Top!,100% cotton jersey,Features embroidered horse,Contrast raglan sleeves,Ribbed neck,Machine wash; imported,Western Skies Collection",30% OFF,Boys Embroidered Horse Raglan Top - Western Skies,20.27,"1,2,3,4,5,6,7,8,9,10,11,12,13,14,15",(0),"{'colour': 'SNOW', 'size': ['12-18 M', '18-24 M', '2T', '3T', '4T', '5T', '6', '7', '8', '10', '12']}"
611b87bd4ff4b188921d89d7,https://assets.theplace.com/image/upload/w_200/v1/ecom/assets/products/gym/3023393/3023393_ZP.mp4,https://www.gymboree.com/us/p/Unisex-Adult-Matching-Family-Long-Sleeve-Reindeer-Fairisle-Cotton-2-Piece-Pajamas---Gymmies-3023393-ZP,30,"Celebrate together! Create memorable moments with the entire family this holiday season in our matching family Gymmies!,100% cotton jersey,Note: please reference adult size chart for this item,Top features embroidered reindeer,Easy pull-on style bottoms feature allover reindeer fairisle,Banded leg cuffs,Machine wash; imported,Gymmies Collection",30% OFF,Unisex Adult Reindeer Fairisle Cotton 2-Piece Pajamas - Gymmies,41.97,"1,2,3,4,5,6,7,8,9,10,11,12,13,14,15",(0),"{'colour': 'SALSA', 'size': ['XS', 'S', 'M', 'L', 'XL', 'XXL']}"
611b87be4ff4b188921d89d8,https://assets.theplace.com/image/upload/w_200/v1/ecom/assets/products/gym/3023341/3023341_1769.jpg,https://www.gymboree.com/us/p/Boys-Short-Sleeve-Embroidered-Bison-Top---Western-Skies-3023341-1769,30,"Your little cowboy is ready for an adventure in our Western Skies Embroidered Top!,100% cotton jersey,Features embroidered bison with ikat details,Ribbed neck,Machine wash; imported,Western Skies Collection",30% OFF,Boys Embroidered Bison Top - Western Skies,18.87,"1,2,3,4,5,6,7,8,9,10,11,12,13,14,15",(0),"{'colour': 'MILKY WAY', 'size': ['12-18 M', '18-24 M', '2T', '3T', '4T', '5T', '6', '7', '8', '10', '12']}"
611b87be4ff4b188921d89d9,https://assets.theplace.com/image/upload/w_200/v1/ecom/assets/products/gym/3023049/3023049_32CB.jpg,https://www.gymboree.com/us/p/Boys-Long-Sleeve-Sherpa-Collar-Twill-Lined-Corduroy-Jacket---Western-Skies-3023049-32CB,30,"This Western Skies Jacket is made from a soft corduroy and features a sherpa collar and twill lining.,100% cotton corduroy,Snap closures,Sherpa collar,Chest pockets,Button-tab cuffs,Lined in cotton twill,Machine wash; imported,Western Skies Collection",40% OFF,Boys Corduroy Jacket - Western Skies,35.97,"1,2,3,4,5,6,7,8,9,10,11,12,13,14,15",(0),"{'colour': 'BROWN BEAR', 'size': ['12-18 M', '18-24 M', '2T', '3T', '4T', '5T', '6', '7', '8', '10', '12']}"
611b87bf4ff4b188921d89da,https://assets.theplace.com/image/upload/w_200/v1/ecom/assets/products/gym/3023682/3023682_1769.jpg,https://www.gymboree.com/us/p/Boys-Long-Sleeve-Plaid-Twill-Button-Up-Shirt---Western-Skies-3023682-1769,30,"Bring on the Fall fun in our Western Skies Button Up Shirt , featuring allover plaid and made from cotton twill.,100% cotton twill,Button front,Features allover plaid,Chest pocket,Corduroy elbow patches,Button-tab cuffs,Machine wash; imported,Western Skies Collection",40% OFF,Boys Plaid Button Up Shirt - Western Skies,16.17,"1,2,3,4,5,6,7,8,9,10,11,12,13,14,15",(0),"{'colour': 'MILKY WAY', 'size': ['12-18 M', '18-24 M', '2T', '3T', '4T', '5T', '6', '7', '8', '10', '12']}"
611b87bf4ff4b188921d89db,https://assets.theplace.com/image/upload/w_200/v1/ecom/assets/products/gym/3023052/3023052_SV.jpg,https://www.gymboree.com/us/p/Boys-Long-Sleeve-Horse-Print-Shawl-Neck-Cardigan---Western-Skies-3023052-SV,30,"This Western Skies Cardigan is made from a soft cotton knit and features a shawl neck and horse print.,100% combed cotton,Button front,Features striped print and horses,Ribbed shawl collar, cuffs and hem,Machine wash; imported,Western Skies Collection",30% OFF,Boys Horse Cardigan - Western Skies,27.97,"1,2,3,4,5,6,7,8,9,10,11,12,13,14,15",(0),"{'colour': 'SNOW', 'size': ['12-18 M', '18-24 M', '2T', '3T', '4T', '5T', '6', '7', '8', '10', '12']}"
611b87bf4ff4b188921d89dc,https://assets.theplace.com/image/upload/w_200/v1/ecom/assets/products/gym/3024292/3024292_ZP.mp4,https://www.gymboree.com/us/p/Unisex-Kids-Matching-Family-Long-Sleeve--Merry-Christmas-2021--Plaid-Snug-Fit-Cotton-2-Piece-Pajamas---Gymmies-3024292-ZP,30,"Celebrate together! Create memorable moments with the entire family this holiday season in our matching family Gymmies!,100% ribbed cotton,Snug fitting,Top features 'Merry Christmas 2021' with Christmas trees and presents,Easy pull-on style bottoms feature allover plaid,Banded cuffs,Machine wash; imported,Gymmies Collection",30% OFF,Unisex Merry Christmas Cotton 2-Piece Pajamas - Gymmies,23.07,"1,2,3,4,5,6,7,8,9,10,11,12,13,14,15",(0),"{'colour': 'SALSA', 'size': ['12-18 M', '18-24 M', '2T', '3T', '4T', '5T', '6', '7', '8', '10', '12', '14']}"
611b87bf4ff4b188921d89dd,https://assets.theplace.com/image/upload/w_200/v1/ecom/assets/products/gym/3024283/3024283_1095.mp4,https://www.gymboree.com/us/p/Unisex-Kids-Elf-Snug-Fit-Cotton-2-Piece-Pajamas---Gymmies-3024283-1095,30,"Drift to dreamland imagining tons of holiday fun in our Elf Pajamas, made from soft, comfy and high-quality cotton!,100% ribbed cotton,Snug fitting,Top features embroidered elf,Easy pull-on style bottoms feature allover stripes,Banded cuffs,Machine wash; imported,Gymmies Collection",30% OFF,Unisex Elf Cotton 2-Piece Pajamas - Gymmies,23.07,"1,2,3,4,5,6,7,8,9,10,11,12,13,14,15",(0),"{'colour': 'IRELAND', 'size': ['12-18 M', '18-24 M', '2T', '3T', '4T', '5T', '6', '7', '8', '10', '12', '14']}"
611b87c14ff4b188921d89de,https://assets.theplace.com/image/upload/w_200/v1/ecom/assets/products/gym/3023009/3023009_1116.jpg,https://www.gymboree.com/us/p/Girls-Cupcake-Print-Knit-Bow-Leggings---Birthday-Boutique-3023009-1116,30,"3, 2, 1... make a wish for the birthday girl! It's her special day and our Birthday Boutique Leggings are ready to celebrate.,94% cotton/6% elastane,Easy pull-on style,Features allover cupcake print,Permanent bows at tulip hem,Full length,Machine wash; imported,Birthday Boutique Collection",,Girls Cupcake Bow Leggings - Birthday Boutique,9.99,"1,2,3,4,5,6,7,8,9,10,11,12,13,14,15",(0),"{'colour': 'WHISPERPNK', 'size': ['12-18 M', '18-24 M', '2T', '3T', '4T', '5T', '6', '7', '8', '10', '12']}"
611b87c24ff4b188921d89df,https://assets.theplace.com/image/upload/w_200/v1/ecom/assets/products/gym/3023377/3023377_CC.jpg,https://www.gymboree.com/us/p/Girls-Long-Sleeve-Birthday-Cupcake-Snug-Fit-Cotton-2-Piece-Pajamas---Gymmies-3023377-CC,30,"Drift to dreamland in our Birthday Cupcake Pajamas, made from oh-so-soft, comfy and high-quality cotton.,100% ribbed cotton,Snug fitting,Top features embroidered birthday cupcake with 'birthday girl',Easy pull-on style bottoms feature allover stripes,Banded cuffs,Machine wash; imported,Gymmies Collection",,Girls Birthday Cupcake Cotton 2-Piece Pajamas - Gymmies,12.99,"1,2,3,4,5,6,7,8,9,10,11,12,13,14,15",(0),"{'colour': 'CUPCAKE', 'size': ['12-18 M', '18-24 M', '2T', '3T', '4T', '5T', '6', '7', '8', '10', '12', '14']}"
611b87c24ff4b188921d89e0,https://assets.theplace.com/image/upload/w_200/v1/ecom/assets/products/gym/3023008/3023008_1116.jpg,https://www.gymboree.com/us/p/Girls-Woven-Ruffle-Tutu---Birthday-Boutique-3023008-1116,30,"3, 2, 1... make a wish for the birthday girl! It's her special day and our Birthday Boutique Tutu is ready to celebrate.,100% polyester tulle,Easy pull-on style,Features tulle ruffles at hem,Fully lined,Above-the-knee length,Includes diaper cover made of 100% polyester taffeta for sizes 3T and under,Machine wash; imported,Birthday Boutique Collection",,Girls Ruffle Tutu - Birthday Boutique,14.99,"1,2,3,4,5,6,7,8,9,10,11,12,13,14,15",(0),"{'colour': 'WHISPERPNK', 'size': ['12-18 M', '18-24 M', '2T', '3T', '4T', '5T', '6', '7', '8', '10', '12']}"
611b87c24ff4b188921d89e1,https://assets.theplace.com/image/upload/w_200/v1/ecom/assets/products/gym/3023798/3023798_HE.jpg,https://www.gymboree.com/us/p/Boys-Long-Sleeve-Christmas-Dino-Snug-Fit-Cotton-2-Piece-Pajamas---Gymmies-3023798-HE,30,"It's the most wonderful time of the year and our Christmas Dino Pajamas are perfect for bedtime!,100% ribbed cotton,Snug fitting,Top features embroidered dino with Christmas tree, Santa hat and scarf,Easy pull-on style bottoms feature allover Christmas dino print,Banded cuffs,Machine wash; imported,Gymmies Collection",30% OFF,Boys Christmas Dino Cotton 2-Piece Pajamas - Gymmies,20.97,"1,2,3,4,5,6,7,8,9,10,11,12,13,14,15",(0),"{'colour': 'H/T GREY', 'size': ['12-18 M', '18-24 M', '2T', '3T', '4T', '5T', '6', '7', '8', '10', '12', '14']}"
611b87c34ff4b188921d89e2,https://assets.theplace.com/image/upload/w_200/v1/ecom/assets/products/gym/3023676/3023676_ZP.mp4,https://www.gymboree.com/us/p/Unisex-Kids-Santa-Suit-Snug-Fit-Cotton-2-Piece-Pajamas---Gymmies-3023676-ZP,30,"Drift to dreamland imagining tons of holiday fun in our Santa Pajamas, made from soft, comfy and high-quality cotton!,100% ribbed cotton,Snug fitting,Top features Santa suit,Easy pull-on style bottoms feature allover stripes,Banded cuffs,Machine wash; imported,Gymmies Collection",30% OFF,Unisex Santa Cotton 2-Piece Pajamas - Gymmies,23.07,"1,2,3,4,5,6,7,8,9,10,11,12,13,14,15",(0),"{'colour': 'SALSA', 'size': ['12-18 M', '18-24 M', '2T', '3T', '4T', '5T', '6', '7', '8', '10', '12', '14']}"
611b87c34ff4b188921d89e3,https://assets.theplace.com/image/upload/w_200/v1/ecom/assets/products/gym/3023197/3023197_BQ.jpg,https://www.gymboree.com/us/p/Girls-Glitter-Cupcake-Hair-Clips-And-Curly-Hair-Tie-3-Piece-Hair-Set---Birthday-Boutique-3023197-BQ,30,"3, 2, 1 make a wish for the birthday girl! It's her special day and our Birthday Boutique Hair Set is ready to celebrate.,100% polyester grosgrain,Set of three,1 curly ribbon hair tie,2 glitter cupcake hair clips,Spot clean; imported,Birthday Boutique Collection",,Girls Curly Hair Set - Birthday Boutique,4.99,"1,2,3,4,5,6,7,8,9,10,11,12,13,14,15",(0),"{'colour': 'MULTI CLR', 'size': ['ONE SIZE']}"
611b87c34ff4b188921d89e4,https://assets.theplace.com/image/upload/w_200/v1/ecom/assets/products/gym/3029656/3029656_BQ.jpg,https://www.gymboree.com/us/p/Girls-Long-Sleeve-Embroidered-Cupcake--I-m-The-Birthday-Girl--Top-And-Woven-Ruffle-Tutu-And-Cupcake-Print-Knit-Bow-Leggings-Set---Birthday-Boutique-3029656-BQ,30,"3, 2, 1... make a wish for the birthday girl! It's her special day and our Birthday Boutique Set is ready to celebrate.,Top made of 100% ribbed cotton,Features embroidered cupcake and 'I'm the birthday girl',Shirred cap sleeves with banded cuffs,Leggings made of 94% cotton/6% elastane,Easy pull-on style,Features allover cupcake print,Permanent bows at tulip hem,Full length,Tutu made of 100% polyester tulle,Easy pull-on style,Features tulle ruffles at hem,Fully lined,Above-the-knee length,Includes diaper cover made of 100% polyester taffeta for sizes 3T and under,Machine wash; imported,Birthday Boutique Collection",,Girls Top And Tutu Leggings Set - Birthday Boutique,39.99,"1,2,3,4,5,6,7,8,9,10,11,12,13,14,15",(0),"{'colour': 'MULTI CLR', 'size': ['12-18 M', '18-24 M', '2T', '3T', '4T', '5T', '6', '7', '8', '10', '12']}"
611b87c34ff4b188921d89e5,https://assets.theplace.com/image/upload/w_200/v1/ecom/assets/products/gym/3023314/3023314_1116.jpg,https://www.gymboree.com/us/p/Girls-Long-Sleeve-Embroidered-Cupcake--I-m-The-Birthday-Girl--Top---Birthday-Boutique-3023314-1116,30,"3, 2, 1... make a wish for the birthday girl! It's her special day and our Birthday Boutique Top is ready to celebrate.,100% ribbed cotton,Features embroidered cupcake and 'I'm the birthday girl',Shirred cap sleeves with banded cuffs,Machine wash; imported,Birthday Boutique Collection",,Girls Embroidered Cupcake Top - Birthday Boutique,14.99,"1,2,3,4,5,6,7,8,9,10,11,12,13,14,15",(0),"{'colour': 'WHISPERPNK', 'size': ['12-18 M', '18-24 M', '2T', '3T', '4T', '5T', '6', '7', '8', '10', '12']}"
611b87c34ff4b188921d89e6,https://assets.theplace.com/image/upload/w_200/v1/ecom/assets/products/gym/3024284/3024284_ZP.mp4,https://www.gymboree.com/us/p/Unisex-Kids-Matching-Family-Long-Sleeve-Reindeer-Fairisle-Cotton-2-Piece-Pajamas---Gymmies-3024284-ZP,30,"Celebrate together! Create memorable moments with the entire family this holiday season in our matching family Gymmies!,100% ribbed cotton,Snug fitting,Top features embroidered reindeer,Easy pull-on style bottoms feature allover reindeer fairisle,Banded leg cuffs,Machine wash; imported,Gymmies Collection",30% OFF,Unisex Reindeer Fairisle Cotton 2-Piece Pajamas - Gymmies,23.07,"1,2,3,4,5,6,7,8,9,10,11,12,13,14,15",(0),"{'colour': 'SALSA', 'size': ['12-18 M', '18-24 M', '2T', '3T', '4T', '5T', '6', '7', '8', '10', '12', '14']}"
611b87c34ff4b188921d89e7,https://assets.theplace.com/image/upload/w_200/v1/ecom/assets/products/gym/3024285/3024285_ZP.jpg,https://www.gymboree.com/us/p/Boys-Long-Sleeve-Gingerbread-Snug-Fit-Cotton-2-Piece-Pajamas---Gymmies-3024285-ZP,30,"It's the most wonderful time of the year and our Gingerbread Pajamas are perfect for bedtime!,100% ribbed cotton,Snug fitting,Top features embroidered gingerbread cookie,Easy pull-on style bottoms feature allover gingerbread cookie print,Banded cuffs,Machine wash; imported,Gymmies Collection",30% OFF,Boys Gingerbread Cotton 2-Piece Pajamas - Gymmies,20.97,"1,2,3,4,5,6,7,8,9,10,11,12,13,14,15",(0),"{'colour': 'SALSA', 'size': ['12-18 M', '18-24 M', '2T', '3T', '4T', '5T', '6', '7', '8', '10', '12', '14']}"
611b87c44ff4b188921d89e8,https://assets.theplace.com/image/upload/w_200/v1/ecom/assets/products/gym/3029725/3029725_BQ.jpg,https://www.gymboree.com/us/p/Boys-Long-Raglan-Sleeve-Embroidered-Football-Fleece-Sweatshirt-And-Striped-Fleece-Jogger-Pants-Set---Future-MVP-3029725-BQ,30,"Our Future MVP set is perfect for cheering on his favorite teams or playing a game of catch in the yard!,Sweatshirt made of 80% cotton/20% polyester fleece,Features embroidered football patch at kangaroo pocket,Raglan sleeves with contrast piping,Ribbed neck, cuffs and hem,Supersoft fleece interior,Jogger pants made of 80% cotton/20% polyester fleece,Easy pull-on style,Functional drawstring,Features embroidered stripes at front patch pockets,Back patch pocket,Ribbed elasticized leg cuffs,Machine wash; imported,Future MVP Collection",40% OFF,Boys Sweatshirt And Jogger Pants Set - Future MVP,41.97,"1,2,3,4,5,6,7,8,9,10,11,12,13,14,15",(0),"{'colour': 'MULTI CLR', 'size': ['12-18 M', '18-24 M', '2T', '3T', '4T', '5T', '6', '7', '8', '10', '12']}"
611b87c44ff4b188921d89e9,https://assets.theplace.com/image/upload/w_200/v1/ecom/assets/products/gym/3029698/3029698_BQ.jpg,https://www.gymboree.com/us/p/Boys-Long-Striped-Sleeve-Embroidered-Construction-Truck--Birthday-Boy--2-In-1-Top-And-Five-Pocket-Jeans-Set---Birthday-Boutique-3029698-BQ,30,"3, 2, 1... make a wish for the birthday boy! It's his special day and our Birthday Boutique set is ready to celebrate.,Top made of 100% cotton jersey,Features embroidered construction truck with birthday cake and 'birthday boy',Long striped layered sleeves,Ribbed neck,Jeans made of 98% cotton/2% spandex denim,Snap closure with no-zip fly,Elastic back waist,Inner adjustable waist tabs for sizes 4T and up,Five-pocket styling,Machine wash; imported,Birthday Boutique Collection",,Boys 2 In 1 Top And Jeans Set - Birthday Boutique,34.98,"1,2,3,4,5,6,7,8,9,10,11,12,13,14,15",(0),"{'colour': 'MULTI CLR', 'size': ['12-18 M', '18-24 M', '2T', '3T', '4T', '5T', '6', '7', '8', '10', '12']}"
611b87c54ff4b188921d89ea,https://assets.theplace.com/image/upload/w_200/v1/ecom/assets/products/gym/3023044/3023044_324L.jpg,https://www.gymboree.com/us/p/Boys-Long-Striped-Sleeve-Embroidered-Construction-Truck--Birthday-Boy--2-In-1-Top---Birthday-Boutique-3023044-324L,30,"3, 2, 1... make a wish for the birthday boy! It's his special day and our Birthday Boutique Top is ready to celebrate.,100% cotton jersey,Features embroidered construction truck with birthday cake and 'birthday boy',Long striped layered sleeves,Ribbed neck,Machine wash; imported,Birthday Boutique Collection",,Boys Embroidered Birthday 2 In 1 Top - Birthday Boutique,14.99,"1,2,3,4,5,6,7,8,9,10,11,12,13,14,15",(0),"{'colour': 'ALLURE BLUE', 'size': ['12-18 M', '18-24 M', '2T', '3T', '4T', '5T', '6', '7', '8', '10', '12']}"
611b87c54ff4b188921d89eb,https://assets.theplace.com/image/upload/w_200/v1/ecom/assets/products/gym/3029723/3029723_BQ.jpg,https://www.gymboree.com/us/p/Boys-Long-Sleeve-Embroidered-Sports-Striped-Polo-And-Pull-On-Corduroy-Jogger-Pants-Set---Future-MVP-3029723-BQ,30,"Our Future MVP set is perfect for cheering on his favorite teams or playing a game of catch in the yard!,Polo made of 100% cotton jersey,Half-button placket,Features embroidered baseball, soccer ball and football chest patch,Colorblock stripes,Jogger pants made of 100% cotton corduroy,Easy pull-on style,Functional drawstring at striped ribbed waistband,Front patch pockets,Back welt pockets,Elasticized leg cuffs,Lined in jersey,Machine wash; imported,Future MVP Collection",40% OFF,Boys Polo And Corduroy Jogger Pants Set - Future MVP,46.17,"1,2,3,4,5,6,7,8,9,10,11,12,13,14,15",(0),"{'colour': 'MULTI CLR', 'size': ['12-18 M', '18-24 M', '2T', '3T', '4T', '5T', '6', '7', '8', '10', '12']}"
611b87c64ff4b188921d89ec,https://assets.theplace.com/image/upload/w_200/v1/ecom/assets/products/gym/3023100/3023100_IV.jpg,https://www.gymboree.com/us/p/Boys-Long-Sleeve-Embroidered-Sports-Striped-Polo---Future-MVP-3023100-IV,30,"Our Future MVP Polo is perfect for cheering on his favorite teams or playing a game of catch in the yard!,100% cotton jersey,Half-button placket,Features embroidered baseball, soccer ball and football chest patch,Colorblock stripes,Machine wash; imported,Future MVP Collection",40% OFF,Boys Sports Striped Polo - Future MVP,22.17,"1,2,3,4,5,6,7,8,9,10,11,12,13,14,15",(0),"{'colour': 'TIDAL', 'size': ['12-18 M', '18-24 M', '2T', '3T', '4T', '5T', '6', '7', '8', '10', '12']}"
611b87c74ff4b188921d89ed,https://assets.theplace.com/image/upload/w_200/v1/ecom/assets/products/gym/3023403/3023403_IV.jpg,https://www.gymboree.com/us/p/Boys-Long-Striped-Sleeve-Embroidered-Basketball-Top---Future-MVP-3023403-IV,30,"Our Future MVP Top is perfect for cheering on his favorite teams or playing a game of catch in the yard!,100% cotton jersey,Features embroidered basketball and basketball net,Embroidered stripes at sleeves,Ribbed neck,Machine wash; imported,Future MVP Collection",40% OFF,Boys Embroidered Basketball Top - Future MVP,17.37,"1,2,3,4,5,6,7,8,9,10,11,12,13,14,15",(0),"{'colour': 'TIDAL', 'size': ['12-18 M', '18-24 M', '2T', '3T', '4T', '5T', '6', '7', '8', '10', '12']}"
611b87c84ff4b188921d89ee,https://assets.theplace.com/image/upload/w_200/v1/ecom/assets/products/gym/3023102/3023102_1124.jpg,https://www.gymboree.com/us/p/Boys-Long-Sleeve-Embroidered-Soccer-Ball-Colorblock-Top---Future-MVP-3023102-1124,30,"Our Future MVP Top is perfect for cheering on his favorite teams or playing a game of catch in the yard!,100% cotton jersey,Features embroidered soccer ball patch,Colorblock sleeves and yoke,Ribbed neck,Machine wash; imported,Future MVP Collection",40% OFF,Boys Embroidered Soccer Top - Future MVP,17.37,"1,2,3,4,5,6,7,8,9,10,11,12,13,14,15",(0),"{'colour': 'GALAXYNAVY', 'size': ['12-18 M', '18-24 M', '2T', '3T', '4T', '5T', '6', '7', '8', '10', '12']}"
611b87c84ff4b188921d89ef,https://assets.theplace.com/image/upload/w_200/v1/ecom/assets/products/gym/3023101/3023101_1363.jpg,https://www.gymboree.com/us/p/Boys-Long-Sleeve-Embroidered-Sports-Raglan-Top---Future-MVP-3023101-1363,30,"Our Future MVP Raglan Top is perfect for cheering on his favorite teams or playing a game of catch in the yard!,100% cotton jersey,Features embroidered soccer ball and football chest patch,Colorblock raglan sleeves with stripes,Ribbed neck,Machine wash; imported,Future MVP Collection",40% OFF,Boys Embroidered Sports Raglan Top - Future MVP,17.37,"1,2,3,4,5,6,7,8,9,10,11,12,13,14,15",(0),"{'colour': 'H/T SMOKE', 'size': ['12-18 M', '18-24 M', '2T', '3T', '4T', '5T', '6', '7', '8', '10', '12']}"
611b87c94ff4b188921d89f0,https://assets.theplace.com/image/upload/w_200/v1/ecom/assets/products/gym/3023103/3023103_1128.jpg,https://www.gymboree.com/us/p/Boys-Long-Striped-Raglan-Sleeve-Embroidered-Sports--MVP--Top---Future-MVP-3023103-1128,30,"Our Future MVP Top is perfect for cheering on his favorite teams or playing a game of catch in the yard!,100% cotton jersey,Features embroidered 'MVP' with soccer ball, football, basketball, baseball and baseball bat,Raglan sleeves with colorblock stripe,Ribbed neck,Machine wash; imported,Future MVP Collection",40% OFF,Boys Embroidered MVP Top - Future MVP,17.37,"1,2,3,4,5,6,7,8,9,10,11,12,13,14,15",(0),"{'colour': 'SIMPLYWHT', 'size': ['12-18 M', '18-24 M', '2T', '3T', '4T', '5T', '6', '7', '8', '10', '12']}"
611b87c94ff4b188921d89f1,https://assets.theplace.com/image/upload/w_200/v1/ecom/assets/products/gym/3023677/3023677_SV.jpg,https://www.gymboree.com/us/p/Boys-Long-Sleeve-Embroidered-Jack-O-Lantern-2-In-1-Top---Lil-Pumpkin-3023677-SV,30,"Ready for Halloween adventures and lots of yummy candy in our Lil Pumpkin 2 In 1 Top!,100% cotton jersey,Features embroidered jack-o-lantern,Long layered sleeves,Ribbed neck,Machine wash; imported,Lil Pumpkin Collection",40% OFF,Boys Embroidered Jack-O-Lantern 2 In 1 Top - Lil Pumpkin,17.37,"1,2,3,4,5,6,7,8,9,10,11,12,13,14,15",(3),"{'colour': 'SNOW', 'size': ['12-18 M', '18-24 M', '2T', '3T', '4T', '5T', '6', '7', '8', '10', '12']}"
611b87c94ff4b188921d89f2,https://assets.theplace.com/image/upload/w_200/v1/ecom/assets/products/gym/3023592/3023592_2150.jpg,https://www.gymboree.com/us/p/Boys-Long-Striped-Sleeve-Embroidered-Bat-2-In-1-Top---Lil-Pumpkin-3023592-2150,30,"Ready for Halloween adventures and lots of yummy candy in our Lil Pumpkin 2 In 1 Top!,100% cotton jersey,Features embroidered bat and spider web,Long layered sleeves with allover stripes,Ribbed neck,Machine wash; imported,Lil Pumpkin Collection",30% OFF,Boys Embroidered Bat 2 In 1 Top - Lil Pumpkin,20.27,"1,2,3,4,5,6,7,8,9,10,11,12,13,14,15",(5),"{'colour': 'ORANGE FRECKLE', 'size': ['12-18 M', '18-24 M', '2T', '3T', '4T', '5T', '6', '7', '8', '10', '12']}"
611b87c94ff4b188921d89f3,https://assets.theplace.com/image/upload/w_200/v1/ecom/assets/products/gym/3023092/3023092_2150.jpg,https://www.gymboree.com/us/p/Boys-Long-Sleeve-Plaid-Twill-Button-Up-Shirt---Lil-Pumpkin-3023092-2150,30,"Bring on the fall fun in our Button Up Shirt , featuring allover plaid and made from cotton twill.,100% cotton twill,Button front,Features allover plaid,Chest pocket,Corduroy elbow patches,Button-tab cuffs,Machine wash; imported,Lil Pumpkin Collection",30% OFF,Boys Plaid Button Up Shirt - Lil Pumpkin,18.87,"1,2,3,4,5,6,7,8,9,10,11,12,13,14,15",(5),"{'colour': 'ORANGE FRECKLE', 'size': ['12-18 M', '18-24 M', '2T', '3T', '4T', '5T', '6', '7', '8', '10', '12']}"
611b87c94ff4b188921d89f4,https://assets.theplace.com/image/upload/w_200/v1/ecom/assets/products/gym/3023146/3023146_1363.jpg,https://www.gymboree.com/us/p/Boys-Long-Sleeve-Embroidered-Dog-Raglan-Top---Lil-Pumpkin-3023146-1363,30,"Ready for Halloween adventures and lots of yummy candy in our Lil Pumpkin Raglan Top!,100% cotton jersey,Features embroidered trick-or-treating dog dressed in a vampire costume,Contrast raglan sleeves,Ribbed neck,Machine wash; imported,Lil Pumpkin Collection",40% OFF,Boys Embroidered Dog Raglan Top - Lil Pumpkin,17.37,"1,2,3,4,5,6,7,8,9,10,11,12,13,14,15",(3),"{'colour': 'H/T SMOKE', 'size': ['12-18 M', '18-24 M', '2T', '3T', '4T', '5T', '6', '7', '8', '10', '12']}"
611b87ca4ff4b188921d89f5,https://assets.theplace.com/image/upload/w_200/v1/ecom/assets/products/gym/3023090/3023090_1363.jpg,https://www.gymboree.com/us/p/Boys-Short-Sleeve-Jack-O-Lantern-Top---Lil-Pumpkin-3023090-1363,30,"He's on a quest to discover the biggest & brightest pumpkin in our Lil Pumpkin Top.,100% cotton jersey,Features jack-o-lanterns wearing costumes,Ribbed neck,Machine wash; imported,Lil Pumpkin Collection",30% OFF,Boys Jack-O-Lantern Top - Lil Pumpkin,18.87,"1,2,3,4,5,6,7,8,9,10,11,12,13,14,15",(0),"{'colour': 'H/T SMOKE', 'size': ['12-18 M', '18-24 M', '2T', '3T', '4T', '5T', '6', '7', '8', '10', '12']}"
611b87ca4ff4b188921d89f6,https://assets.theplace.com/image/upload/w_200/v1/ecom/assets/products/gym/3023402/3023402_32L4.jpg,https://www.gymboree.com/us/p/Boys-Long-Striped-Sleeve-Embroidered-Sports-Top---Future-MVP-3023402-32L4,30,"Our Future MVP Top is perfect for cheering on his favorite teams or playing a game of catch in the yard!,100% cotton jersey,Features embroidered soccer ball, football, basketball, baseball and baseball bat,Embroidered stripes at sleeves,Ribbed neck,Machine wash; imported,Future MVP Collection",40% OFF,Boys Embroidered Sports Top - Future MVP,17.37,"1,2,3,4,5,6,7,8,9,10,11,12,13,14,15",(0),"{'colour': 'PURE RED', 'size': ['12-18 M', '18-24 M', '2T', '3T', '4T', '5T', '6', '7', '8', '10', '12']}"
611b87cb4ff4b188921d89f7,https://assets.theplace.com/image/upload/w_200/v1/ecom/assets/products/gym/3029700/3029700_BQ.jpg,https://www.gymboree.com/us/p/Boys-Long-Sleeve-Plaid-Twill-Button-Up-Shirt-And-Roll-Cuff-Jeans-Set---Teacher-s-Favorite-3029700-BQ,30,"Keep him cool in school this fall with our Teacher's Favorite set! ,Button up shirt made of 100% cotton twill,Button front,Features allover plaid,Chest pocket,Button-tab cuffs,Jeans made of 98% cotton/2% spandex denim,Button closure with no-zip fly,Elastic back waist,Inner adjustable waist tabs for sizes 4T and up,Five-pocket styling,Roll cuff,Lined in plaid cotton twill,Machine wash; imported,Teacher's Favorite Collection",,Boys Button Up Shirt And Jeans Set - Teacher's Favorite,30.99,"1,2,3,4,5,6,7,8,9,10,11,12,13,14,15",(0),"{'colour': 'MULTI CLR', 'size': ['12-18 M', '18-24 M', '2T', '3T', '4T', '5T', '6', '7', '8', '10', '12']}"
611b87cb4ff4b188921d89f8,https://assets.theplace.com/image/upload/w_200/v1/ecom/assets/products/gym/3029699/3029699_BQ.jpg,https://www.gymboree.com/us/p/Boys-Long-Sleeve-Embroidered-Apple-Fleece-Zip-Up-Hoodie-And-Fleece-Jogger-Pants-Set---Teacher-s-Favorite-3029699-BQ,30,"Keep him warm, cozy and cool in school with our Teacher's Favorite zip up hoodie and jogger pants set.,Hoodie made of 80% cotton/20% polyester fleece,Zip front,Features embroidered apple patch with caterpillar,Kangaroo pocket,Contrast raglan sleeves,Ribbed cuffs and hem,Attached hood,Supersoft fleece interior,Jogger pants made of 80% cotton/20% polyester fleece,Easy pull-on style,Functional drawstring at ribbed waistband,Front pockets,Stitched knees,Elasticized ribbed striped leg cuffs,Machine wash; imported,Teacher's Favorite Collection",,Boys Zip Up Hoodie And Jogger Pants Set - Teacher's Favorite,29.99,"1,2,3,4,5,6,7,8,9,10,11,12,13,14,15",(0),"{'colour': 'MULTI CLR', 'size': ['12-18 M', '18-24 M', '2T', '3T', '4T', '5T', '6', '7', '8', '10', '12']}"
611b87cb4ff4b188921d89f9,https://assets.theplace.com/image/upload/w_200/v1/ecom/assets/products/gym/3023064/3023064_IV.jpg,https://www.gymboree.com/us/p/Boys-Long-Sleeve-Intarsia-Apple-Sweater---Teacher-s-Favorite-3023064-IV,30,"Our Teacher's Favorite Sweater is made from a soft knit cotton and features an intarsia apple.,100% combed cotton,Features intarsia apple,Ribbed neck, cuffs and hem,Machine wash; imported,Teacher's Favorite Collection",,Boys Intarsia Apple Sweater - Teacher's Favorite,13.99,"1,2,3,4,5,6,7,8,9,10,11,12,13,14,15",(0),"{'colour': 'TIDAL', 'size': ['12-18 M', '18-24 M', '2T', '3T', '4T', '5T', '6', '7', '8', '10', '12']}"
611b87cb4ff4b188921d89fa,https://assets.theplace.com/image/upload/w_200/v1/ecom/assets/products/gym/3023095/3023095_32CB.jpg,https://www.gymboree.com/us/p/Boys-Long-Sleeve-Pumpkin-Fleece-Hoodie---Lil-Pumpkin-3023095-32CB,30,"Our Lil Pumpkin Hoodie features an embroidered pumpkin on the kangaroo pocket!,85% cotton/15% polyester fleece,Features embroidered pumpkin patch pocket,Ribbed cuffs and hem,Attached hood,Supersoft fleece interior,Machine wash; imported,Lil Pumpkin Collection",30% OFF,Boys Pumpkin Hoodie - Lil Pumpkin,30.07,"1,2,3,4,5,6,7,8,9,10,11,12,13,14,15",(0),"{'colour': 'BROWN BEAR', 'size': ['12-18 M', '18-24 M', '2T', '3T', '4T', '5T', '6', '7', '8', '10', '12']}"
611b87cb4ff4b188921d89fb,https://assets.theplace.com/image/upload/w_200/v1/ecom/assets/products/gym/3023091/3023091_2150.jpg,https://www.gymboree.com/us/p/Boys-Long-Sleeve-Pumpkin-Zip-Up-Hooded-Sweater---Lil-Pumpkin-3023091-2150,30,"Bundle up your favorite little pumpkin in this Lil Pumpkin Zip Up Sweater, made from a soft knit cotton.,100% combed cotton,Zip front,Features pumpkin fairisle,Kangaroo pocket,Ribbed neck, cuffs and hem,Attached hood,Machine wash; imported,Lil Pumpkin Collection",30% OFF,Boys Zip Up Sweater - Lil Pumpkin,27.97,"1,2,3,4,5,6,7,8,9,10,11,12,13,14,15",(9),"{'colour': 'ORANGE FRECKLE', 'size': ['12-18 M', '18-24 M', '2T', '3T', '4T', '5T', '6', '7', '8', '10', '12']}"
611b87cb4ff4b188921d89fc,https://assets.theplace.com/image/upload/w_200/v1/ecom/assets/products/gym/3023591/3023591_IV.jpg,https://www.gymboree.com/us/p/Boys-Long-Sleeve-Embroidered--My-1st-Day-Of-School--Raglan-Top---Teacher-s-Favorite-3023591-IV,30,"He's ready for his first day of school in our Teacher's Favorite Raglan Top.,100% cotton jersey,Features embroidered books, apples and 'my 1st day of school',Contrast raglan sleeves,Ribbed neck,Machine wash; imported,Teacher's Favorite Collection",,Boys Embroidered School Raglan Top - Teacher's Favorite,11.99,"1,2,3,4,5,6,7,8,9,10,11,12,13,14,15",(4),"{'colour': 'TIDAL', 'size': ['12-18 M', '18-24 M', '2T', '3T', '4T', '5T', '6', '7', '8', '10', '12']}"
611b87cc4ff4b188921d89fd,https://assets.theplace.com/image/upload/w_200/v1/ecom/assets/products/gym/3023784/3023784_IV.jpg,https://www.gymboree.com/us/p/Boys-Short-Sleeve-Peek-A-Boo-Zipper-Embroidered-Apple-Patch-Top---Teacher-s-Favorite-3023784-IV,30,"This top from our Teacher's Favorite Collection features a playful and interactive zipper detail!,100% cotton jersey,Embroidered apple patch features zipper pocket with a caterpillar on a string,Ribbed neck,Machine wash; imported,Teacher's Favorite Collection",,Boys Peek-A-Boo Apple Patch Top - Teacher's Favorite,12.99,"1,2,3,4,5,6,7,8,9,10,11,12,13,14,15",(3),"{'colour': 'TIDAL', 'size': ['12-18 M', '18-24 M', '2T', '3T', '4T', '5T', '6', '7', '8', '10', '12']}"
611b87cc4ff4b188921d89fe,https://assets.theplace.com/image/upload/w_200/v1/ecom/assets/products/gym/3023590/3023590_SV.jpg,https://www.gymboree.com/us/p/Boys-Long-Sleeve-Embroidered-Apple-Truck-Raglan-Top---Teacher-s-Favorite-3023590-SV,30,"He's ready for his first day of school in our Teacher's Favorite Raglan Top.,100% cotton jersey,Features embroidered truck with apples and plaid wheels,Contrast raglan sleeves,Ribbed neck,Machine wash; imported,Teacher's Favorite Collection",40% OFF,Boys Embroidered Truck Raglan Top - Teacher's Favorite,17.37,"1,2,3,4,5,6,7,8,9,10,11,12,13,14,15",(3),"{'colour': 'SNOW', 'size': ['12-18 M', '18-24 M', '2T', '3T', '4T', '5T', '6', '7', '8', '10', '12']}"
611b87cc4ff4b188921d89ff,https://assets.theplace.com/image/upload/w_200/v1/ecom/assets/products/gym/3023071/3023071_IV.jpg,https://www.gymboree.com/us/p/Boys-Short-Sleeve-Embroidered-Apple-Striped-Pocket-Top---Teacher-s-Favorite-3023071-IV,30,"He's ready for his first day of school in our Teacher's Favorite Pocket Top.,100% cotton jersey,Features chest stripes,Contrast chest pocket with embroidered apple,Ribbed neck,Machine wash; imported,Teacher's Favorite Collection",40% OFF,Boys Striped Pocket Top - Teacher's Favorite,14.97,"1,2,3,4,5,6,7,8,9,10,11,12,13,14,15",(2),"{'colour': 'TIDAL', 'size': ['12-18 M', '18-24 M', '2T', '3T', '4T', '5T', '6', '7', '8', '10', '12']}"
611b87cf4ff4b188921d8a00,https://assets.theplace.com/image/upload/w_200/v1/ecom/assets/products/gym/3023087/3023087_1095.jpg,https://www.gymboree.com/us/p/Boys-Poplin-Pull-On-Pants---Dino-Dude-3023087-1095,30,"Every little guy needs the perfect pair of classic and comfy pants-- this pull on pair matches all his favorite styles!,100% cotton poplin,Ribbed cotton easy pull-on waistband,Functional drawstring,Functional front and back patch pockets,Lined in jersey,Machine wash; imported,Dino Dude Collection",40% OFF,Boys Pull On Pants - Dino Dude,22.17,"1,2,3,4,5,6,7,8,9,10,11,12,13,14,15",(0),"{'colour': 'IRELAND', 'size': ['12-18 M', '18-24 M', '2T', '3T', '4T', '5T', '6', '7', '8', '10', '12']}"
611b87cf4ff4b188921d8a01,https://assets.theplace.com/image/upload/w_200/v1/ecom/assets/products/gym/3023089/3023089_32N7.jpg,https://www.gymboree.com/us/p/Boys-Long-Sleeve-Embroidered-Dino-Print-Sweater---Dino-Dude-3023089-32N7,30,"Calling all future paleontologists your little dino explorer will love this Sweater from our Dino Dude Collection!,100% combed cotton,Features allover embroidered dino print,Ribbed neck, cuffs and hem,Machine wash; imported,Dino Dude Collection",40% OFF,Boys Embroidered Sweater - Dino Dude,23.97,"1,2,3,4,5,6,7,8,9,10,11,12,13,14,15",(0),"{'colour': 'QUENCH BLUE', 'size': ['12-18 M', '18-24 M', '2T', '3T', '4T', '5T', '6', '7', '8', '10', '12']}"
611b87d04ff4b188921d8a02,https://assets.theplace.com/image/upload/w_200/v1/ecom/assets/products/gym/3029719/3029719_BQ.jpg,https://www.gymboree.com/us/p/Boys-Long-Sleeve-Pumpkin-Fleece-Hoodie-And-Fleece-Jogger-Pants-Set---Lil--Pumpkin-3029719-BQ,30,"Skip through rows of pumpkins at the patch in our perfect-for-fall Lil' Pumpkin set! ,Hoodie made of 85% cotton/15% polyester fleece,Features embroidered pumpkin patch pocket,Ribbed cuffs and hem,Attached hood,Supersoft fleece interior,Jogger pants made of 80% cotton/20% polyester fleece,Easy pull-on style,Functional drawstring at ribbed waistband,Front pockets,Stitched knees,Elasticized ribbed leg cuffs,Machine wash; imported,Lil' Pumpkin Collection",30% OFF,Boys Hoodie And Jogger Pants Set - Lil' Pumpkin,51.07,"1,2,3,4,5,6,7,8,9,10,11,12,13,14,15",(0),"{'colour': 'MULTI CLR', 'size': ['12-18 M', '18-24 M', '2T', '3T', '4T', '5T', '6', '7', '8', '10', '12']}"
611b87d04ff4b188921d8a03,https://assets.theplace.com/image/upload/w_200/v1/ecom/assets/products/gym/3023088/3023088_1363.jpg,https://www.gymboree.com/us/p/Boys-Long-Raglan-Sleeve-Embroidered-T-Rex-Sweatshirt---Dino-Dude-3023088-1363,30,"Embroidered patches, 3D spikes and supersoft fleece this Dino Dude Sweatshirt is all about dino-mite details!,80% cotton/20% polyester fleece,Features embroidered t-rex with 3D spikes,Contrast raglan sleeves,Ribbed neck, cuffs and hem,Machine wash; imported,Dino Dude Collection",30% OFF,Boys Embroidered T-Rex Sweatshirt - Dino Dude,27.97,"1,2,3,4,5,6,7,8,9,10,11,12,13,14,15",(0),"{'colour': 'H/T SMOKE', 'size': ['12-18 M', '18-24 M', '2T', '3T', '4T', '5T', '6', '7', '8', '10', '12']}"
611b87d04ff4b188921d8a04,https://assets.theplace.com/image/upload/w_200/v1/ecom/assets/products/gym/3023785/3023785_328X.jpg,https://www.gymboree.com/us/p/Boys-Short-Sleeve-Embroidered-Owl-Top---Teacher-s-Favorite-3023785-328X,30,"He's ready for his first day of school in our Teacher's Favorite Owl Top.,100% cotton jersey,Features embroidered owl wearing round glasses and plaid scarf,Ribbed neck,Machine wash; imported,Teacher's Favorite Collection",,Boys Embroidered Owl Top - Teacher's Favorite,11.99,"1,2,3,4,5,6,7,8,9,10,11,12,13,14,15",(1),"{'colour': 'ROYAL RED', 'size': ['12-18 M', '18-24 M', '2T', '3T', '4T', '5T', '6', '7', '8', '10', '12']}"
611b87d04ff4b188921d8a05,https://assets.theplace.com/image/upload/w_200/v1/ecom/assets/products/gym/3023219/3023219_1363.jpg,https://www.gymboree.com/us/p/Boys-Embroidered-T-Rex-Fleece-Jogger-Pants---Dino-Dude-3023219-1363,30,"Calling all future paleontologists your little dino explorer will love these Jogger Pants from our Dino Dude Collection!,80% cotton/20% polyester fleece,Easy pull-on style,Non-functional drawstring,Features embroidered t-rex with 3D spikes,Functional side pockets,Back patch pocket,Elasticized leg cuffs,Machine wash; imported,Dino Dude Collection",30% OFF,Boys Embroidered T-Rex Pull On Jogger Pants - Dino Dude,23.07,"1,2,3,4,5,6,7,8,9,10,11,12,13,14,15",(0),"{'colour': 'H/T SMOKE', 'size': ['12-18 M', '18-24 M', '2T', '3T', '4T', '5T', '6', '7', '8', '10', '12']}"
611b87d04ff4b188921d8a06,https://assets.theplace.com/image/upload/w_200/v1/ecom/assets/products/gym/3023376/3023376_1124.jpg,https://www.gymboree.com/us/p/Boys-Long-Sleeve-Birthday-Dino-Snug-Fit-Cotton-2-Piece-Pajamas---Gymmies-3023376-1124,30,"Drift to dreamland in our Birthday Dino Pajamas, made from oh-so-soft, comfy and high-quality cotton.,100% ribbed cotton,Snug fitting,Top features embroidered birthday party dino with 'birthday boy',Easy pull-on style bottoms feature allover stripes,Banded cuffs,Machine wash; imported,Gymmies Collection",,Boys Birthday Dino Cotton 2-Piece Pajamas - Gymmies,12.99,"1,2,3,4,5,6,7,8,9,10,11,12,13,14,15",(0),"{'colour': 'GALAXYNAVY', 'size': ['12-18 M', '18-24 M', '2T', '3T', '4T', '5T', '6', '7', '8', '10', '12', '14']}"
611b87d04ff4b188921d8a07,https://assets.theplace.com/image/upload/w_200/v1/ecom/assets/products/gym/3023673/3023673_1128.jpg,https://www.gymboree.com/us/p/Boys-Long-Sleeve-Dino-And-Striped-Top---Dino-Dude-3023673-1128,30,"He's ready for a pre-historic adventure in our Dino Dude Top, featuring stripes and dinosaur patches!,100% cotton jersey,Features allover stripes,Pterodactyl and stegosaurus patches,Ribbed neck,Machine wash; imported,Dino Dude Collection",40% OFF,Boys Striped Top - Dino Dude,17.37,"1,2,3,4,5,6,7,8,9,10,11,12,13,14,15",(0),"{'colour': 'SIMPLYWHT', 'size': ['12-18 M', '18-24 M', '2T', '3T', '4T', '5T', '6', '7', '8', '10', '12']}"
611b87d14ff4b188921d8a08,https://assets.theplace.com/image/upload/w_200/v1/ecom/assets/products/gym/3023678/3023678_32C7.jpg,https://www.gymboree.com/us/p/Boys-Long-Sleeve-Embroidered-Triceratops-2-In-1-Top---Dino-Dude-3023678-32C7,30,"He's ready for a pre-historic adventure in our Dino Dude 2 In 1 Top, featuring stripes and dinosaur embroidery!,100% cotton jersey,Features embroidered triceratops,Short sleeves; long striped sleeves,Ribbed neck,Machine wash; imported,Dino Dude Collection",40% OFF,Boys Embroidered Triceratops 2 In 1 Top - Dino Dude,17.37,"1,2,3,4,5,6,7,8,9,10,11,12,13,14,15",(0),"{'colour': 'ORANGE OASIS', 'size': ['12-18 M', '18-24 M', '2T', '3T', '4T', '5T', '6', '7', '8', '10', '12']}"
611b87d14ff4b188921d8a09,https://assets.theplace.com/image/upload/w_200/v1/ecom/assets/products/gym/3023096/3023096_32N7.jpg,https://www.gymboree.com/us/p/Boys-Fleece-Pull-On-Cargo-Jogger-Pants---Dino-Dude-3023096-32N7,30,"Every little guy needs the perfect pair of classic and comfy joggers-- this fleece cargo style matches all his favorite styles!,80% cotton/20% polyester fleece,Easy pull-on style,Non-functional drawstring,Front side slant pockets,Touch-close cargo pockets,Touch-close patch pockets,Elasticized leg cuffs,Machine wash; imported,Dino Dude Collection",40% OFF,Boys Cargo Jogger Pants - Dino Dude,19.77,"1,2,3,4,5,6,7,8,9,10,11,12,13,14,15",(0),"{'colour': 'QUENCH BLUE', 'size': ['12-18 M', '18-24 M', '2T', '3T', '4T', '5T', '6', '7', '8', '10', '12']}"
611b87d14ff4b188921d8a0a,https://assets.theplace.com/image/upload/w_200/v1/ecom/assets/products/gym/3023043/3023043_1128.jpg,https://www.gymboree.com/us/p/Boys-Long-Sleeve-Embroidered-Fire-Department-And-Dalmatian-Raglan-Top---Fire-Chief-3023043-1128,30,"This Raglan Top from our Fire Chief Collection is made for your little hero-in-training!,100% cotton jersey,Features embroidered fire department and Dalmatian patch,Contrast raglan sleeves with striped detail,Ribbed neck, cuffs and hem,Machine wash; imported,Fire Chief Collection",,Boys Embroidered Raglan Top - Fire Chief,10.99,"1,2,3,4,5,6,7,8,9,10,11,12,13,14,15",(3),"{'colour': 'SIMPLYWHT', 'size': ['12-18 M', '18-24 M', '2T', '3T', '4T', '5T', '6', '7', '8', '10', '12']}"
611b87d14ff4b188921d8a0b,https://assets.theplace.com/image/upload/w_200/v1/ecom/assets/products/gym/3029726/3029726_BQ.jpg,https://www.gymboree.com/us/p/Boys-Long-Raglan-Sleeve-Embroidered-T-Rex-Sweatshirt-And-Embroidered-T-Rex-Fleece-Jogger-Pants-Set---Dino-Dude-3029726-BQ,30,"Calling all future paleontologists... your little dino explorer will love thisJset from our Dino Dude Collection!,Sweatshirt made of 80% cotton/20% polyester fleece,Features embroidered t-rex with 3D spikes,Contrast raglan sleeves,Ribbed neck, cuffs and hem,Jogger pants made of 80% cotton/20% polyester fleece,Easy pull-on style,Non-functional drawstring,Features embroidered t-rex with 3D spikes,Functional side pockets,Back patch pocket,Elasticized leg cuffs,Machine wash; imported,Dino Dude Collection",30% OFF,Boys Sweatshirt And Jogger Pants Set - Dino Dude,51.07,"1,2,3,4,5,6,7,8,9,10,11,12,13,14,15",(0),"{'colour': 'MULTI CLR', 'size': ['12-18 M', '18-24 M', '2T', '3T', '4T', '5T', '6', '7', '8', '10', '12']}"
611b87d24ff4b188921d8a0c,https://assets.theplace.com/image/upload/w_200/v1/ecom/assets/products/gym/3029718/3029718_BQ.jpg,https://www.gymboree.com/us/p/Boys-Short-Sleeve-Fire-Man-Suspenders-Top-And-Twill-Pull-On-Jogger-Pants-Set---Fire-Chief-3029718-BQ,30,"Every little hero needs the perfect rescue-ready outfit. He'll love this set from our Fire Chief Collection! ,Top made of 100% cotton jersey,Features fire man suspenders and fire department chest patch,Ribbed neck,Jogger pants made of 98% cotton/2% spandex twill,Easy pull-on style,Functional drawstring,Front patch pockets,Back welt pockets,Elasticized leg cuffs,Machine wash; imported,Fire Chief Collection",,Boys Top And Jogger Pants Set - Fire Chief,22.99,"1,2,3,4,5,6,7,8,9,10,11,12,13,14,15",(0),"{'colour': 'MULTI CLR', 'size': ['12-18 M', '18-24 M', '2T', '3T', '4T', '5T', '6', '7', '8', '10', '12']}"
611b87d24ff4b188921d8a0d,https://assets.theplace.com/image/upload/w_200/v1/ecom/assets/products/gym/3023340/3023340_1364.jpg,https://www.gymboree.com/us/p/Boys-Long-Sleeve-Embroidered-Dalmatian-Colorblock-Polo---Fire-Chief-3023340-1364,30,"This Polo from our Fire Chief Collection is made for your little hero-in-training!,100% cotton jersey,Half-button placket,Features embroidered Dalmatian,Colorblock panels,Ribbed collar,Machine wash; imported,Fire Chief Collection",,Boys Dalmatian Polo - Fire Chief,14.99,"1,2,3,4,5,6,7,8,9,10,11,12,13,14,15",(6),"{'colour': 'H/T HOUND', 'size': ['12-18 M', '18-24 M', '2T', '3T', '4T', '5T', '6', '7', '8', '10', '12']}"
611b87d34ff4b188921d8a0e,https://assets.theplace.com/image/upload/w_200/v1/ecom/assets/products/gym/3023042/3023042_01.jpg,https://www.gymboree.com/us/p/Boys-Short-Sleeve-Fire-Truck-Print-Pocket-Top---Fire-Chief-3023042-01,30,"He's daydreaming of saving the day in our Fire Chief Top, complete with an allover fire truck print!,100% cotton jersey,Features allover fire truck and traffic light print,Chest pocket,Ribbed neck,Machine wash; imported,Fire Chief Collection",,Boys Fire Truck Pocket Top - Fire Chief,8.99,"1,2,3,4,5,6,7,8,9,10,11,12,13,14,15",(2),"{'colour': 'BLACK', 'size': ['12-18 M', '18-24 M', '2T', '3T', '4T', '5T', '6', '7', '8', '10', '12']}"
611b87d34ff4b188921d8a0f,https://assets.theplace.com/image/upload/w_200/v1/ecom/assets/products/gym/3029704/3029704_BQ.jpg,https://www.gymboree.com/us/p/Boys-Long-Sleeve-Embroidered-Fleece-Hoodie-And-Side-Stripe-Fleece-Jogger-Pants-Set---Fire-Chief-3029704-BQ,30,"Every little hero needs the perfect rescue-ready outfit. He'll love this set from our Fire Chief Collection! ,Hoodie made of 80% cotton/20% polyester fleece,Hidden half-button placket,Features embroidered fire department chest patch and stripes,Ribbed cuffs and hem,Attached hood,Supersoft fleece interior,Jogger pants made of 80% cotton/20% polyester fleece,Easy pull-on style,Functional drawstring,Features contrast side stripes,Functional side pockets,Back patch pocket,Elasticized leg cuffs,Machine wash; imported,Fire Chief Collection",,Boys Hoodie And Jogger Pants Set - Fire Chief,33.99,"1,2,3,4,5,6,7,8,9,10,11,12,13,14,15",(0),"{'colour': 'MULTI CLR', 'size': ['12-18 M', '18-24 M', '2T', '3T', '4T', '5T', '6', '7', '8', '10', '12']}"
611b87d34ff4b188921d8a10,https://assets.theplace.com/image/upload/w_200/v1/ecom/assets/products/gym/3023041/3023041_32L4.jpg,https://www.gymboree.com/us/p/Boys-Long-Sleeve-Plaid-Twill-Button-Up-Shirt---Fire-Chief-3023041-32L4,30,"This Button Up Shirt from our Fire Chief Collection is made for your little hero-in-training!,100% cotton twill,Button front,Features allover plaid,Chest pocket,Button-tab cuffs,Machine wash; imported,Fire Chief Collection",,Boys Plaid Button Up Shirt - Fire Chief,9.99,"1,2,3,4,5,6,7,8,9,10,11,12,13,14,15",(0),"{'colour': 'PURE RED', 'size': ['12-18 M', '18-24 M', '2T', '3T', '4T', '5T', '6', '7', '8', '10', '12']}"
611b87d34ff4b188921d8a11,https://assets.theplace.com/image/upload/w_200/v1/ecom/assets/products/gym/3023045/3023045_01.jpg,https://www.gymboree.com/us/p/Boys-Long-Sleeve-Intarsia-Fire-Truck-Sweater---Fire-Chief-3023045-01,30,"Stay comfy and warm this Fall in our Fire Chief Hoodie, made from a comfy knit cotton and featuring an intarsia fire truck!,100% combed cotton,Features intarsia fire truck,Ribbed neck, cuffs and hem,Machine wash; imported,Fire Chief Collection",,Boys Intarsia Sweater - Fire Chief,14.99,"1,2,3,4,5,6,7,8,9,10,11,12,13,14,15",(0),"{'colour': 'BLACK', 'size': ['12-18 M', '18-24 M', '2T', '3T', '4T', '5T', '6', '7', '8', '10', '12']}"
611b87d34ff4b188921d8a12,https://assets.theplace.com/image/upload/w_200/v1/ecom/assets/products/gym/3023394/3023394_01.jpg,https://www.gymboree.com/us/p/Boys-Short-Sleeve-Embroidered-Fire-Truck-Top---Fire-Chief-3023394-01,30,"He's daydreaming of saving the day in our Fire Chief Top, complete with an embroidered Fire Truck!,100% cotton jersey,Features embroidered fire truck,Ribbed neck,Machine wash; imported,Fire Chief Collection",,Boys Embroidered Fire Truck Top - Fire Chief,10.99,"1,2,3,4,5,6,7,8,9,10,11,12,13,14,15",(4),"{'colour': 'BLACK', 'size': ['12-18 M', '18-24 M', '2T', '3T', '4T', '5T', '6', '7', '8', '10', '12']}"
611b87d34ff4b188921d8a13,https://assets.theplace.com/image/upload/w_200/v1/ecom/assets/products/gym/3023011/3023011_32CB.jpg,https://www.gymboree.com/us/p/Girls-Long-Sleeve-Embroidered-Pumpkin-Patch-Sweater-Dress---Lil-Pumpkin-3023011-32CB,30,"The perfect pumpkin patch dress for adventuring through the pumpkin patch! Shop this perfectly-Fall Sweater Dress now.,100% combed cotton,Buttons at back,Features embroidered pumpkin patch,Ribbed neck, cuffs and hem,Shirred cap sleeves,Below-the-knee length,Machine wash; imported,Lil Pumpkin Collection",,Girls Embroidered Sweater Dress - Lil Pumpkin,19.99,"1,2,3,4,5,6,7,8,9,10,11,12,13,14,15",(0),"{'colour': 'BROWN BEAR', 'size': ['12-18 M', '18-24 M', '2T', '3T', '4T', '5T', '6', '7', '8', '10', '12']}"
611b87d34ff4b188921d8a14,https://assets.theplace.com/image/upload/w_200/v1/ecom/assets/products/gym/3014599/3014599_SV.jpg,https://www.gymboree.com/us/p/Girls-Long-Sleeve-Embroidered-Pumpkin-Cardigan---Lil--Pumpkin-3014599-SV,30,"Get ready for crisp fall leaves & a cool breeze in our Lil' Pumpkin Cardigan!,100% combed cotton,Button front,Features embroidered pumpkin patch pockets,Ribbed neck, cuffs and hem,Machine wash; imported,Lil' Pumpkin Collection",30% OFF,Girls Embroidered Cardigan - Lil' Pumpkin,25.87,"1,2,3,4,5,6,7,8,9,10,11,12,13,14,15",(0),"{'colour': 'SNOW', 'size': ['12-18 M', '18-24 M', '2T', '3T', '4T', '5T', '6', '7', '8', '10', '12']}"
611b87d44ff4b188921d8a15,https://assets.theplace.com/image/upload/w_200/v1/ecom/assets/products/gym/3014537/3014537_2150.jpg,https://www.gymboree.com/us/p/Girls-Short-Sleeve-Applique-Pumpkin-Striped-Sweater-Dress---Lil--Pumpkin-3014537-2150,30,"Our Lil' Pumpkin Sweater Dress is made for skipping through a Fall festival!,100% combed cotton,Buttons at back,Features allover stripes,Textured applique pumpkin pockets,Ruffle hem,Below-the-knee length,Machine wash; imported,Lil' Pumpkin Collection",30% OFF,Girls Applique Striped Sweater Dress - Lil' Pumpkin,27.97,"1,2,3,4,5,6,7,8,9,10,11,12,13,14,15",(6),"{'colour': 'ORANGE FRECKLE', 'size': ['12-18 M', '18-24 M', '2T', '3T', '4T', '5T', '6', '7', '8', '10', '12']}"
611b87d44ff4b188921d8a16,https://assets.theplace.com/image/upload/w_200/v1/ecom/assets/products/gym/3023098/3023098_2150.jpg,https://www.gymboree.com/us/p/Girls-Long-Striped-Sleeve-Embroidered-Halloween-2-In-1-Top---Lil-Pumpkin-3023098-2150,30,"Ready for dressing up and eating lots of yummy candy? So are we! Our embroidered 2 In 1 Top from our Lil Pumpkin Collection is perfect for Fall!,100% ribbed cotton,Features embroidered bat, ghost and cat pumpkin,Short cap sleeves; long sleeves,Allover stripes at long sleeves,Machine wash; imported,Lil Pumpkin Collection",30% OFF,Girls Embroidered Halloween 2 In 1 Top - Lil Pumpkin,18.87,"1,2,3,4,5,6,7,8,9,10,11,12,13,14,15",(0),"{'colour': 'ORANGE FRECKLE', 'size': ['12-18 M', '18-24 M', '2T', '3T', '4T', '5T', '6', '7', '8', '10', '12']}"
611b87d44ff4b188921d8a17,https://assets.theplace.com/image/upload/w_200/v1/ecom/assets/products/gym/3014602/3014602_SV.jpg,https://www.gymboree.com/us/p/Girls-Short-Sleeve-Embroidered-Cat-And-Pumpkin-Top---Lil--Pumpkin-3014602-SV,30,"Pick the perfect pumpkin at the patch in our Lil' Pumpkin Embroidered Top.,100% ribbed cotton,Features embroidered pumpkins and cat,Permanent bow at neck,Puff sleeves,Machine wash; imported,Lil' Pumpkin Collection",30% OFF,Girls Embroidered Cat Top - Lil' Pumpkin,16.07,"1,2,3,4,5,6,7,8,9,10,11,12,13,14,15",(2),"{'colour': 'SNOW', 'size': ['12-18 M', '18-24 M', '2T', '3T', '4T', '5T', '6', '7', '8', '10', '12']}"
611b87d54ff4b188921d8a18,https://assets.theplace.com/image/upload/w_200/v1/ecom/assets/products/gym/3023106/3023106_2150.jpg,https://www.gymboree.com/us/p/Girls-Long-Sleeve-Pumpkin-Zip-Up-Hooded-Sweater---Lil-Pumpkin-3023106-2150,30,"Bundle up your favorite little pumpkin in this Lil Pumpkin Zip Up Sweater, made from a soft knit cotton.,100% combed cotton,Note: this style is shorter in length and falls at the natural waist,Zip front,Features pumpkin fairisle and cable knit,Ribbed neck, cuffs and hem,Attached hood,Machine wash; imported,Lil Pumpkin Collection",30% OFF,Girls Zip Up Sweater - Lil Pumpkin,27.97,"1,2,3,4,5,6,7,8,9,10,11,12,13,14,15",(23),"{'colour': 'ORANGE FRECKLE', 'size': ['12-18 M', '18-24 M', '2T', '3T', '4T', '5T', '6', '7', '8', '10', '12']}"
611b87d54ff4b188921d8a19,https://assets.theplace.com/image/upload/w_200/v1/ecom/assets/products/gym/3024369/3024369_1523.jpg,https://www.gymboree.com/us/p/Girls-Long-Sleeve-Christmas-Puppy-Snug-Fit-Cotton-2-Piece-Pajamas---Gymmies-3024369-1523,30,"It's the most wonderful time of the year and our Christmas Puppy Pajamas are perfect for bedtime!,100% ribbed cotton,Snug fitting,Top features embroidered puppies wrapped in Christmas presents,Easy pull-on style bottoms feature allover Christmas present and puppy print,Banded cuffs,Machine wash; imported,Gymmies Collection",30% OFF,Girls Christmas Puppy Cotton 2-Piece Pajamas - Gymmies,20.97,"1,2,3,4,5,6,7,8,9,10,11,12,13,14,15",(0),"{'colour': 'TAHITI PINK', 'size': ['12-18 M', '18-24 M', '2T', '3T', '4T', '5T', '6', '7', '8', '10', '12', '14']}"
611b87d54ff4b188921d8a1a,https://assets.theplace.com/image/upload/w_200/v1/ecom/assets/products/gym/3014703/3014703_2150.jpg,https://www.gymboree.com/us/p/Girls-Long-Sleeve-Embroidered-Pumpkin-Zip-Up-Hoodie---Pumpkin-Patch-3014703-2150,30,"Get ready for crisp fall leaves & a cool breeze in our Lil' Pumpkin Zip Up Hoodie!,56% cotton/40% polyester/4% spandex fleece,Zip front,Features embroidered pumpkins at patch pockets,Ribbed cuffs and hem,Attached hood,Supersoft fleece interior,Machine wash; imported,Lil' Pumpkin Collection",,Girls Embroidered Zip Up Hoodie - Pumpkin Patch,19.99,"1,2,3,4,5,6,7,8,9,10,11,12,13,14,15",(2),"{'colour': 'ORANGE FRECKLE', 'size': ['12-18 M', '18-24 M', '2T', '3T', '4T', '5T', '6', '7', '8', '10', '12']}"
611b87d54ff4b188921d8a1b,https://assets.theplace.com/image/upload/w_200/v1/ecom/assets/products/gym/3024368/3024368_ZP.jpg,https://www.gymboree.com/us/p/Girls-Long-Sleeve-Gingerbread-Snug-Fit-Cotton-2-Piece-Pajamas---Gymmies-3024368-ZP,30,"It's the most wonderful time of the year and our Gingerbread Pajamas are perfect for bedtime!,100% ribbed cotton,Snug fitting,Top features embroidered gingerbread cookie,Easy pull-on style bottoms feature allover gingerbread cookie print,Banded cuffs,Machine wash; imported,Gymmies Collection",30% OFF,Girls Gingerbread Cotton 2-Piece Pajamas - Gymmies,20.97,"1,2,3,4,5,6,7,8,9,10,11,12,13,14,15",(0),"{'colour': 'SALSA', 'size': ['12-18 M', '18-24 M', '2T', '3T', '4T', '5T', '6', '7', '8', '10', '12', '14']}"
611b87d54ff4b188921d8a1c,https://assets.theplace.com/image/upload/w_200/v1/ecom/assets/products/gym/3014591/3014591_SV.jpg,https://www.gymboree.com/us/p/Girls-Long-Sleeve-Applique-Pumpkin-Top---Lil--Pumpkin-3014591-SV,30,"Pick the perfect pumpkin at the patch in our Lil' Pumpkin Applique Top.,100% ribbed cotton,Features textured applique pumpkin,Puff sleeves,Machine wash; imported,Lil' Pumpkin Collection",30% OFF,Girls Applique Top - Lil' Pumpkin,17.47,"1,2,3,4,5,6,7,8,9,10,11,12,13,14,15",(0),"{'colour': 'SNOW', 'size': ['12-18 M', '18-24 M', '2T', '3T', '4T', '5T', '6', '7', '8', '10', '12']}"
611b87d54ff4b188921d8a1d,https://assets.theplace.com/image/upload/w_200/v1/ecom/assets/products/gym/3014578/3014578_SV.jpg,https://www.gymboree.com/us/p/Girls-Long-Sleeve-Applique-Owl-Cardigan---Whooo-s-Cute-3014578-SV,30,"Layer on the pretty purple details with our Whooo's Cute Cardigan, featuring owl appliques.,100% combed cotton,Button front,Features applique owls,Ruffle trim at front,Ribbed neck, cuffs and hem,Machine wash; imported,Whooo's Cute Collection",40% OFF,Girls Applique Owl Cardigan - Whooo's Cute,22.17,"1,2,3,4,5,6,7,8,9,10,11,12,13,14,15",(0),"{'colour': 'SNOW', 'size': ['12-18 M', '18-24 M', '2T', '3T', '4T', '5T', '6', '7', '8']}"
611b87d64ff4b188921d8a1e,https://assets.theplace.com/image/upload/w_200/v1/ecom/assets/products/gym/3014519/3014519_SV.jpg,https://www.gymboree.com/us/p/Girls-Short-Sleeve-Fairisle-Sweater-Dress---Whooo-s-Cute-3014519-SV,30,"Get dressed up for fun Fall activities in our Whooo's Cute Sweater Dress!,100% combed cotton,Buttons at back,Features fairisle,Ruffle trim at neck,Below-the-knee length,Machine wash; imported,Whooo's Cute Collection",40% OFF,Girls Fairisle Sweater Dress - Whooo's Cute,26.97,"1,2,3,4,5,6,7,8,9,10,11,12,13,14,15",(0),"{'colour': 'SNOW', 'size': ['12-18 M', '18-24 M', '2T', '3T', '4T', '5T', '6', '7', '8']}"
611b87d64ff4b188921d8a1f,https://assets.theplace.com/image/upload/w_200/v1/ecom/assets/products/gym/3014513/3014513_1646.jpg,https://www.gymboree.com/us/p/Girls-Short-Sleeve-Violet-Floral-Print-Knit-Faux-Wrap-Dress---Whooo-s-Cute-3014513-1646,30,"Our Whooo's Cute Wrap Dress is made for dancing through a violet garden.,100% cotton jersey,Easy pull-on style,Features allover violet floral print,Faux wrap front,Shirred tiers,Below-the-knee length,Includes diaper cover made of 100% cotton for sizes 3T and under,Machine wash; imported,Whooo's Cute Collection",30% OFF,Girls Violet Wrap Dress - Whooo's Cute,24.47,"1,2,3,4,5,6,7,8,9,10,11,12,13,14,15",(0),"{'colour': 'EMPIRE PURPLE', 'size': ['12-18 M', '18-24 M', '2T', '3T', '4T', '5T', '6', '7', '8']}"
611b87d64ff4b188921d8a20,https://assets.theplace.com/image/upload/w_200/v1/ecom/assets/products/gym/3014580/3014580_BQ.jpg,https://www.gymboree.com/us/p/Girls-Short-Sleeve-Violet-Floral-Print-Poplin-Tiered-Top---Whooo-s-Cute-3014580-BQ,30,"From picnic lunches to cool Autumn days, our Whooo's Cute Tiered Top is a must!,100% cotton poplin,Buttons at back,Features allover violet floral print,Shirred tiers,Machine wash; imported,Whooo's Cute Collection",40% OFF,Girls Violet Tiered Top - Whooo's Cute,14.97,"1,2,3,4,5,6,7,8,9,10,11,12,13,14,15",(0),"{'colour': 'MULTI CLR', 'size': ['12-18 M', '18-24 M', '2T', '3T', '4T', '5T', '6', '7', '8']}"
611b87d74ff4b188921d8a21,https://assets.theplace.com/image/upload/w_200/v1/ecom/assets/products/gym/3014582/3014582_SV.jpg,https://www.gymboree.com/us/p/Girls-Long-Sleeve-Applique-Owl-Top---Whooo-s-Cute-3014582-SV,30,"From picnic lunches to cool Autumn days, our Whooo's Cute Applique Top is a must!,100% ribbed cotton,Features applique and embroidered owl,Puff sleeves,Machine wash; imported,Whooo's Cute Collection",40% OFF,Girls Applique Owl Top - Whooo's Cute,14.97,"1,2,3,4,5,6,7,8,9,10,11,12,13,14,15",(0),"{'colour': 'SNOW', 'size': ['12-18 M', '18-24 M', '2T', '3T', '4T', '5T', '6', '7', '8']}"
611b87d74ff4b188921d8a22,https://assets.theplace.com/image/upload/w_200/v1/ecom/assets/products/gym/3014581/3014581_1646.jpg,https://www.gymboree.com/us/p/Girls-Short-Sleeve-Embroidered-Violet-Floral-Top---Whooo-s-Cute-3014581-1646,30,"From picnic lunches to cool Autumn days, our Whooo's Cute Embroidered Top is a must!,100% ribbed cotton,Features embroidered violets,Puff sleeves,Machine wash; imported,Whooo's Cute Collection",30% OFF,Girls Embroidered Violet Top - Whooo's Cute,16.07,"1,2,3,4,5,6,7,8,9,10,11,12,13,14,15",(0),"{'colour': 'EMPIRE PURPLE', 'size': ['12-18 M', '18-24 M', '2T', '3T', '4T', '5T', '6', '7', '8']}"
611b87d74ff4b188921d8a23,https://assets.theplace.com/image/upload/w_200/v1/ecom/assets/products/gym/3029657/3029657_BQ.jpg,https://www.gymboree.com/us/p/Girls-Sleeveless-Spotted-Print-Corduroy-Skirtall-And-Long-Sleeve-Embroidered-Dalmatian-Puppy-Top-Set---Dalmatian-Friends-3029657-BQ,30,"How sweet is this skirtall set from our Dalmatian Friends Collection?! We're loving the spotted print! ,Skirtall made of 98% cotton/2% spandex corduroy,Adjustable button closures at shoulders,Button closures at waist,Features allover Dalmatian spot print,Patch pocket at chest,Above-the-knee length,Includes diaper cover made of 100% cotton batiste for sizes 3T and under,Top made of 100% ribbed cotton,Features embroidered Dalmatian face wearing pink bow,Shirred cap sleeves,Machine wash; imported,Dalmatian Friends Collection",,Girls Corduroy Skirtall And Top Set - Dalmatian Friends,27.99,"1,2,3,4,5,6,7,8,9,10,11,12,13,14,15",(0),"{'colour': 'MULTI CLR', 'size': ['12-18 M', '18-24 M', '2T', '3T', '4T', '5T', '6', '7', '8', '10', '12']}"
611b87d74ff4b188921d8a24,https://assets.theplace.com/image/upload/w_200/v1/ecom/assets/products/gym/3022991/3022991_1646.jpg,https://www.gymboree.com/us/p/Girls-Sleeveless-Embroidered-Owl-Corduroy-Skirtall---Whooo-s-Cute-3022991-1646,30,"Take a twirl through the flowers in our Whooo's Cute Skirtall, made from cozy corduroy and featuring an embroidered owl.,98% cotton/2% spandex corduroy,Adjustable button closures at shoulders,Button closures at waist,Features embroidered owl at chest pocket,Above-the-knee length,Includes diaper cover made of 100% cotton batiste for sizes 3T and under,Machine wash; imported,Whooo's Cute Collection",30% OFF,Girls Owl Corduroy Skirtall - Whooo's Cute,27.97,"1,2,3,4,5,6,7,8,9,10,11,12,13,14,15",(0),"{'colour': 'EMPIRE PURPLE', 'size': ['12-18 M', '18-24 M', '2T', '3T', '4T', '5T', '6', '7', '8']}"
611b87d74ff4b188921d8a25,https://assets.theplace.com/image/upload/w_200/v1/ecom/assets/products/gym/3023363/3023363_1646.jpg,https://www.gymboree.com/us/p/Girls-Violet-Print-Knit-Tiered-Skort---Whooo-s-Cute-3023363-1646,30,"Take a twirl through the flowers in our Whooo's Cute Skort, made from soft jersey and featuring floral tiers.,100% cotton jersey,Easy pull-on style,Elastic waist,Features allover violet floral print,Ruffle tiers,Attached shorties made of 100% cotton jersey,Above-the-knee length,Machine wash; imported,Whooo's Cute Collection",40% OFF,Girls Violet Tiered Skort - Whooo's Cute,17.97,"1,2,3,4,5,6,7,8,9,10,11,12,13,14,15",(0),"{'colour': 'EMPIRE PURPLE', 'size': ['12-18 M', '18-24 M', '2T', '3T', '4T', '5T', '6', '7', '8']}"
611b87d74ff4b188921d8a26,https://assets.theplace.com/image/upload/w_200/v1/ecom/assets/products/gym/3023142/3023142_BQ.jpg,https://www.gymboree.com/us/p/Girls-Long-Sleeve-Babydoll-Top-And-Dalmatian-Puppy-Print-Knit-Leggings-Set---Dalmatian-Friends-3023142-BQ,30,"Get her dressed in a perfectly coordinated outfit in 1, 2, 3! Our Dalmatian Friends Set comes complete with a pink babydoll top and matching puppy print leggings.,Top made of 100% cotton jersey,Features shirred empire waist,Shirred cap sleeves,Leggings made of 94% cotton/6% elastane,Easy-pull on style,Allover print features Dalmatians wearing pink bows,Full length,Machine wash; imported,Dalmatian Friends Collection",,Girls Puppy Top And Leggings Set - Dalmatian Friends,16.99,"1,2,3,4,5,6,7,8,9,10,11,12,13,14,15",(3),"{'colour': 'MULTI CLR', 'size': ['12-18 M', '18-24 M', '2T', '3T', '4T', '5T', '6', '7', '8', '10', '12']}"
611b87d84ff4b188921d8a27,https://assets.theplace.com/image/upload/w_200/v1/ecom/assets/products/gym/3022984/3022984_01.jpg,https://www.gymboree.com/us/p/Girls-Long-Sleeve-Puppy-Print-Bow-Knit-Peplum-Dress---Dalmatian-Friends-3022984-01,30,"Our Dalmatian Friends Dress is as cute as can be! This Peplum style features a comfy jersey knit fabric, sweet puppy print and hot pink bows.,100% cotton jersey,Buttons at back,Allover print features Dalmatians wearing pink bows,Permanent bow details at shoulders,Shirred cap sleeves,Peplum hem,Unlined,Above-the-knee length,Includes diaper cover made of 100% cotton batiste for sizes 3T and under,Machine wash; imported,Dalmatian Friends Collection",,Girls Puppy Peplum Dress - Dalmatian Friends,14.99,"1,2,3,4,5,6,7,8,9,10,11,12,13,14,15",(0),"{'colour': 'BLACK', 'size': ['12-18 M', '18-24 M', '2T', '3T', '4T', '5T', '6', '7', '8', '10', '12']}"
611b87d84ff4b188921d8a28,https://assets.theplace.com/image/upload/w_200/v1/ecom/assets/products/gym/3023450/3023450_01.jpg,https://www.gymboree.com/us/p/Girls-Knit-Leggings---Dalmatian-Friends-3023450-01,30,"Long lasting hand-me-down quality, soft cotton fabric and made to wear with all her favorites our Dalmatian Friends Leggings are a must-have!,94% cotton/6% elastane,Easy-pull on style,Full length,Machine wash; imported,Dalmatian Friends Collection",,Girls Leggings - Dalmatian Friends,7.99,"1,2,3,4,5,6,7,8,9,10,11,12,13,14,15",(0),"{'colour': 'BLACK', 'size': ['12-18 M', '18-24 M', '2T', '3T', '4T', '5T', '6', '7', '8', '10', '12']}"
611b87d84ff4b188921d8a29,https://assets.theplace.com/image/upload/w_200/v1/ecom/assets/products/gym/3023216/3023216_1128.jpg,https://www.gymboree.com/us/p/Girls-Short-Sleeve-Embroidered-Dalmatian-Puppy-Purse-Top---Dalmatian-Friends-3023216-1128,30,"Make way for your mini fashionista! Dress your stylist-in-training in our Dalmatian Friends Top, featuring an embroidered dog purse with pink bow.,100% ribbed cotton,Features embroidered Dalmatian and dog purse,Shirred cap sleeves,Machine wash; imported,Dalmatian Friends Collection",50% OFF,Girls Embroidered Puppy Purse Top - Dalmatian Friends,12.48,"1,2,3,4,5,6,7,8,9,10,11,12,13,14,15",(0),"{'colour': 'SIMPLYWHT', 'size': ['12-18 M', '18-24 M', '2T', '3T', '4T', '5T', '6', '7', '8', '10', '12']}"
611b87d94ff4b188921d8a2a,https://assets.theplace.com/image/upload/w_200/v1/ecom/assets/products/gym/3023056/3023056_328G.jpg,https://www.gymboree.com/us/p/Girls-Short-Sleeve-Embroidered-Dalmatian-Puppy-Bow-Top---Dalmatian-Friends-3023056-328G,30,"Sweet bow details, a mama Dalmatian and her pup, plus pops of pink what's not to love about our Dalmatian Friends Bow Top?!,100% ribbed cotton,Features embroidered mom and baby Dalmatians with hearts,Permanent bow details at shoulders,Shirred cap sleeves,Machine wash; imported,Dalmatian Friends Collection",30% OFF,Girls Embroidered Puppy Bow Top - Dalmatian Friends,17.47,"1,2,3,4,5,6,7,8,9,10,11,12,13,14,15",(0),"{'colour': 'ROSIE POSIE', 'size': ['12-18 M', '18-24 M', '2T', '3T', '4T', '5T', '6', '7', '8', '10', '12']}"
611b87d94ff4b188921d8a2b,https://assets.theplace.com/image/upload/w_200/v1/ecom/assets/products/gym/3023681/3023681_32VF.jpg,https://www.gymboree.com/us/p/Girls-Apple-Print-Ponte-Knit-Jeggings---Teacher-s-Favorite-3023681-32VF,30,"Sweet style for the apple of your eye! These Ponte Jeggings have an apple print and easy-pull on waist.,59% cotton/36% polyester/5% spandex,Easy-pull on style,Features allover apple print,Faux front pockets,Machine wash; imported,Teacher's Favorite Collection",,Girls Apple Ponte Jeggings - Teacher's Favorite,11.99,"1,2,3,4,5,6,7,8,9,10,11,12,13,14,15",(0),"{'colour': 'TIDAL 1', 'size': ['12-18 M', '18-24 M', '2T', '3T', '4T', '5T', '6', '7', '8', '10', '12']}"
611b87d94ff4b188921d8a2c,https://assets.theplace.com/image/upload/w_200/v1/ecom/assets/products/gym/3022985/3022985_328G.jpg,https://www.gymboree.com/us/p/Girls-Bow-Ponte-Knit-Jeggings---Dalmatian-Friends-3022985-328G,30,"Our Bow Jeggings, made from a stretchy ponte knit, are super comfy, easy to wear and perfect to pair with all her Dalmatian Friends tops and Gymboree favorites!,59% cotton/36% polyester/5% spandex,Easy-pull on style,Features permanent bows,Center seam at front,Machine wash; imported,Dalmatian Friends Collection",,Girls Bow Ponte Jeggings - Dalmatian Friends,11.99,"1,2,3,4,5,6,7,8,9,10,11,12,13,14,15",(0),"{'colour': 'ROSIE POSIE', 'size': ['12-18 M', '18-24 M', '2T', '3T', '4T', '5T', '6', '7', '8', '10', '12']}"
611b87d94ff4b188921d8a2d,https://assets.theplace.com/image/upload/w_200/v1/ecom/assets/products/gym/3022989/3022989_IV.jpg,https://www.gymboree.com/us/p/Girls-Embroidered-Apple-Patch-Knit-Leggings---Teacher-s-Favorite-3022989-IV,30,"Long lasting hand-me-down quality, soft cotton fabric and made to wear with all her favorites... our Teacher's Favorite Leggings are a must-have!,94% cotton/6% elastane,Easy pull-on style,Features embroidered apple patches at knees,Full length,Machine wash; imported,Teacher's Favorite Collection",30% OFF,Girls Apple Leggings - Teacher's Favorite,13.97,"1,2,3,4,5,6,7,8,9,10,11,12,13,14,15",(0),"{'colour': 'TIDAL', 'size': ['12-18 M', '18-24 M', '2T', '3T', '4T', '5T', '6', '7', '8', '10', '12']}"
611b87d94ff4b188921d8a2e,https://assets.theplace.com/image/upload/w_200/v1/ecom/assets/products/gym/3023361/3023361_328G.jpg,https://www.gymboree.com/us/p/Girls-Long-Sleeve-Intarsia-Dalmatian-Puppy-Sweater---Dalmatian-Friends-3023361-328G,30,"With the intarsia puppy detail, our Dalmatian Friends Sweater is perfect for fall! Pair with our Dalmatian Friends Skort or Leggings for bow-to-toe style.,100% combed cotton,Buttons at back,Features intarsia Dalmatian wearing pink bow,Ribbed neck, sleeve cuffs and hem,Shirred cap sleeves,Machine wash; imported,Dalmatian Friends Collection",30% OFF,Girls Intarsia Puppy Sweater - Dalmatian Friends,25.87,"1,2,3,4,5,6,7,8,9,10,11,12,13,14,15",(0),"{'colour': 'ROSIE POSIE', 'size': ['12-18 M', '18-24 M', '2T', '3T', '4T', '5T', '6', '7', '8', '10', '12']}"
611b87d94ff4b188921d8a2f,https://assets.theplace.com/image/upload/w_200/v1/ecom/assets/products/gym/3023399/3023399_328X.jpg,https://www.gymboree.com/us/p/Girls-Long-Sleeve-Embroidered--My-1st-Day-Of-School--Top---Teacher-s-Favorite-3023399-328X,30,"She's ready and set to ace her style for the first day of school with our Teacher's Favorite Top!,100% ribbed cotton,Features embroidered books, apples and 'my 1st day of school',Shirred cap sleeves,Machine wash; imported,Teacher's Favorite Collection",,Girls Embroidered School Top - Teacher's Favorite,10.99,"1,2,3,4,5,6,7,8,9,10,11,12,13,14,15",(0),"{'colour': 'ROYAL RED', 'size': ['12-18 M', '18-24 M', '2T', '3T', '4T', '5T', '6', '7', '8', '10', '12']}"
611b87da4ff4b188921d8a30,https://assets.theplace.com/image/upload/w_200/v1/ecom/assets/products/gym/3023398/3023398_IV.jpg,https://www.gymboree.com/us/p/Girls-Long-Sleeve-Embroidered-Apple-Top---Teacher-s-Favorite-3023398-IV,30,"Ready for apple picking adventures and a fun-filled fall in our Teacher's Favorite embroidered apple top!,100% ribbed cotton,Features embroidered apple,Shirred cap sleeves,Machine wash; imported,Teacher's Favorite Collection",,Girls Embroidered Apple Top - Teacher's Favorite,7.99,"1,2,3,4,5,6,7,8,9,10,11,12,13,14,15",(0),"{'colour': 'TIDAL', 'size': ['12-18 M', '18-24 M', '2T', '3T', '4T', '5T', '6', '7', '8', '10', '12']}"
611b87da4ff4b188921d8a31,https://assets.theplace.com/image/upload/w_200/v1/ecom/assets/products/gym/3023362/3023362_IV.jpg,https://www.gymboree.com/us/p/Girls-Long-Sleeve-Embroidered-Apple-Sweater---Teacher-s-Favorite-3023362-IV,30,"Ready for apple picking adventures and a fun-filled fall in our Teacher's Favorite Apple Sweater!,100% combed cotton,Buttons at back,Features embroidered apple patches,Ribbed neck, cuffs and hem,Shirred cap sleeves,Machine wash; imported,Teacher's Favorite Collection",,Girls Embroidered Apple Sweater - Teacher's Favorite,15.99,"1,2,3,4,5,6,7,8,9,10,11,12,13,14,15",(0),"{'colour': 'TIDAL', 'size': ['12-18 M', '18-24 M', '2T', '3T', '4T', '5T', '6', '7', '8', '10', '12']}"
611b87da4ff4b188921d8a32,https://assets.theplace.com/image/upload/w_200/v1/ecom/assets/products/gym/3023078/3023078_IV.jpg,https://www.gymboree.com/us/p/Girls-Short-Sleeve-Peek-A-Boo-Flap-Art-Embroidered-Apple-Patch-Top---Teacher-s-Favorite-3023078-IV,30,"Cute, comfy and oh-so-fun, this Teacher's Favorite style features an apple patch with playful flap watch the apple change from red to green!,100% ribbed cotton,Embroidered apple patch features lift up peek-a-boo flap changing apple from red to green,Shirred cap sleeves,Machine wash; imported,Teacher's Favorite Collection",30% OFF,Girls Peek-A-Boo Apple Patch Top - Teacher's Favorite,17.47,"1,2,3,4,5,6,7,8,9,10,11,12,13,14,15",(5),"{'colour': 'TIDAL', 'size': ['12-18 M', '18-24 M', '2T', '3T', '4T', '5T', '6', '7', '8', '10', '12']}"
611b87db4ff4b188921d8a33,https://assets.theplace.com/image/upload/w_200/v1/ecom/assets/products/gym/3014521/3014521_BQ.jpg,https://www.gymboree.com/us/p/Girls-Long-Sleeve-Plaid-Flannel-Ruffle-Dress---Pony-Club-3014521-BQ,30,"Featuring soft flannel and allover plaid, our Pony Club Ruffle Dress is made for Fall days.,100% cotton flannel,Buttons at front,Features allover plaid,Ruffle front,Fully lined in cotton batiste,Below-the-knee length,Includes diaper cover made of 100% cotton for sizes 3T and under,Machine wash; imported,Pony Club Collection",40% OFF,Girls Plaid Ruffle Dress - Pony Club,23.97,"1,2,3,4,5,6,7,8,9,10,11,12,13,14,15",(0),"{'colour': 'MULTI CLR', 'size': ['12-18 M', '18-24 M', '2T', '3T', '4T', '5T', '6', '7', '8', '10', '12']}"
611b87db4ff4b188921d8a34,https://assets.theplace.com/image/upload/w_200/v1/ecom/assets/products/gym/3023366/3023366_1071.jpg,https://www.gymboree.com/us/p/Girls-Plaid-Twill-Skort---Teacher-s-Favorite-3023366-1071,30,"Ace her school style with our Teacher's Favorite Skort, featuring allover plaid, ruffle pockets and made from cotton twill.,100% cotton twill,Easy pull-on style,Elastic back waist,Features allover plaid,Front pockets with ruffle trim,Attached shorties made of 94% cotton/6% elastane,Above-the-knee length,Machine wash; imported,Teacher's Favorite Collection",30% OFF,Girls Plaid Skort - Teacher's Favorite,20.97,"1,2,3,4,5,6,7,8,9,10,11,12,13,14,15",(2),"{'colour': 'S/D TIDAL', 'size': ['12-18 M', '18-24 M', '2T', '3T', '4T', '5T', '6', '7', '8', '10', '12']}"
611b87dc4ff4b188921d8a35,https://assets.theplace.com/image/upload/w_200/v1/ecom/assets/products/gym/3023391/3023391_328X.jpg,https://www.gymboree.com/us/p/Girls-Knit-Leggings---Teacher-s-Favorite-3023391-328X,30,"Long lasting hand-me-down quality, soft cotton fabric and made to wear with all her favorites our Teacher's Favorite Leggings are a must-have!,94% cotton/6% elastane,Easy-pull on style,Ruched hem,Full length,Machine wash; imported,Teacher's Favorite Collection",,Girls Leggings - Teacher's Favorite,7.99,"1,2,3,4,5,6,7,8,9,10,11,12,13,14,15",(2),"{'colour': 'ROYAL RED', 'size': ['12-18 M', '18-24 M', '2T', '3T', '4T', '5T', '6', '7', '8', '10', '12']}"
611b87dc4ff4b188921d8a36,https://assets.theplace.com/image/upload/w_200/v1/ecom/assets/products/gym/3017439/3017439_1089.jpg,https://www.gymboree.com/us/p/Girls-Long-Sleeve-Embroidered-Pony-Knit-Dress---Every-Day-Play-3017439-1089,30,"Oh-so-comfy & cute, our Every Day Play Dress is made for all of childhood's sweet moments.,100% cotton jersey,Easy pull-on style,Features embroidered pony graphic design,Empire waist,Includes diaper cover made of 100% cotton for sizes 3T and under,Above-the-knee length,Machine wash; imported,Every Day Play Collection",30% OFF,Girls Embroidered Pony Dress - Every Day Play,20.97,"1,2,3,4,5,6,7,8,9,10,11,12,13,14,15",(0),"{'colour': 'ROSILY', 'size': ['12-18 M', '18-24 M', '2T', '3T', '4T', '5T', '6', '7', '8', '10', '12']}"
611b87dc4ff4b188921d8a37,https://assets.theplace.com/image/upload/w_200/v1/ecom/assets/products/gym/3014523/3014523_SV.jpg,https://www.gymboree.com/us/p/Girls-Long-Sleeve-Cable-Knit-Sweater-Dress---Pony-Club-3014523-SV,30,"Featuring a sweet bow and ruffle hem, our Pony Club Sweater Dress is made for Fall days.,100% combed cotton,Buttons at back,Features allover cable knit,Permanent plaid bow,Drop waist,Peplum hem,Below-the-knee length,Machine wash; imported,Pony Club Collection",40% OFF,Girls Cable Knit Sweater Dress - Pony Club,26.97,"1,2,3,4,5,6,7,8,9,10,11,12,13,14,15",(0),"{'colour': 'SNOW', 'size': ['12-18 M', '18-24 M', '2T', '3T', '4T', '5T', '6', '7', '8', '10', '12']}"
611b87dc4ff4b188921d8a38,https://assets.theplace.com/image/upload/w_200/v1/ecom/assets/products/gym/3014488/3014488_SV.jpg,https://www.gymboree.com/us/p/Girls-Cable-Knit-Cape---Pony-Club-3014488-SV,30,"She's ready for cool Autumn breezes and a day at the farm in our Pony Club Cape.,100% combed cotton,Easy pull-on style,Non-functional toggle closures,Features allover cable knit,Ribbed shawl collar and hem,Machine wash; imported,Pony Club Collection",40% OFF,Girls Cable Knit Cape - Pony Club,26.97,"1,2,3,4,5,6,7,8,9,10,11,12,13,14,15",(1),"{'colour': 'SNOW', 'size': ['12-18 M', '18-24 M', '2T', '3T', '4T', '5T', '6', '7', '8', '10', '12']}"
611b87dc4ff4b188921d8a39,https://assets.theplace.com/image/upload/w_200/v1/ecom/assets/products/gym/3014489/3014489_SV.jpg,https://www.gymboree.com/us/p/Girls-Long-Sleeve-Cable-Knit-Peplum-Sweater---Pony-Club-3014489-SV,30,"She's ready for cool Autumn breezes and a day at the farm in our Pony Club Peplum Sweater.,100% combed cotton,Buttons at back,Features allover cable knit,Permanent plaid bow,Peplum hem,Ribbed neck and cuffs,Machine wash; imported,Pony Club Collection",40% OFF,Girls Cable Knit Peplum Sweater - Pony Club,20.97,"1,2,3,4,5,6,7,8,9,10,11,12,13,14,15",(0),"{'colour': 'SNOW', 'size': ['12-18 M', '18-24 M', '2T', '3T', '4T', '5T', '6', '7', '8', '10', '12']}"
611b87dd4ff4b188921d8a3a,https://assets.theplace.com/image/upload/w_200/v1/ecom/assets/products/gym/3014522/3014522_BQ.jpg,https://www.gymboree.com/us/p/Girls-Short-Sleeve-Floral-Print-Corduroy-Dress---Pony-Club-3014522-BQ,30,"Featuring a sweet bow and allover floral, our Pony Club Corduroy Dress is made for Fall days.,98% cotton/2% spandex corduroy,Buttons at back,Features allover floral print,Permanent bow at waist,Fully lined in cotton batiste,Below-the-knee length,Includes diaper cover made of 100% cotton for sizes 3T and under,Machine wash; imported,Pony Club Collection",40% OFF,Girls Floral Corduroy Dress - Pony Club,26.97,"1,2,3,4,5,6,7,8,9,10,11,12,13,14,15",(0),"{'colour': 'MULTI CLR', 'size': ['12-18 M', '18-24 M', '2T', '3T', '4T', '5T', '6', '7', '8', '10', '12']}"
611b87dd4ff4b188921d8a3b,https://assets.theplace.com/image/upload/w_200/v1/ecom/assets/products/gym/3014538/3014538_072.jpg,https://www.gymboree.com/us/p/Girls-Long-Sleeve-Quilted-Jacket---Pony-Club-3014538-072,30,"She's ready for cool Autumn breezes and a day at the farm in our Pony Club Jacket.,100% polyester taffeta,Toggle closures,Features allover quilting,Pointed corduroy collar,Patch pockets,Locker loop,Lined in plaid cotton flannel,Machine wash; imported",40% OFF,Girls Quilted Jacket - Pony Club,35.97,"1,2,3,4,5,6,7,8,9,10,11,12,13,14,15",(0),"{'colour': 'FUDGE', 'size': ['12-18 M', '18-24 M', '2T', '3T', '4T', '5T', '6', '7', '8', '10', '12']}"
611b87de4ff4b188921d8a3c,https://assets.theplace.com/image/upload/w_200/v1/ecom/assets/products/gym/3014586/3014586_072.jpg,https://www.gymboree.com/us/p/Girls-Long-Sleeve-Embroidered-Horse-Portrait-Bow-Top---Pony-Club-3014586-072,30,"Our Pony Club Bow Top, featuring an embroidered pony portrait, is the perfect style to wear on her horseback riding adventures!,100% ribbed cotton,Features embroidered horse portrait,Permanent bows at flared sleeves,Machine wash; imported,Pony Club Collection",40% OFF,Girls Embroidered Horse Bow Top - Pony Club,14.97,"1,2,3,4,5,6,7,8,9,10,11,12,13,14,15",(0),"{'colour': 'FUDGE', 'size': ['12-18 M', '18-24 M', '2T', '3T', '4T', '5T', '6', '7', '8', '10', '12']}"
