_id,image_url,pdp_url,product_afterpay,product_description,product_discount,product_name,product_price,product_quantity,product_reviews,varients
,https://assets.theplace.com/image/upload/w_200/v1/ecom/assets/products/gym/3023007/3023007_1094.jpg,https://www.gymboree.com/us/p/Girls-Short-Sleeve-Patchwork-Print-Flannel-Ruffle-Dress---Western-Skies-3023007-1094,30,"Pretty floral patches, soft flannel fabric, a ruffle hem and smocked bodice adorn this oh-so-cute Western Skies Dress!,100% cotton flannel,Buttons at back,Features allover patchwork print,Smocked bodice,Ruffle sleeves and hem,Fully lined in cotton batiste,Above-the-knee length,Includes diaper cover made of 100% cotton batiste for sizes 3T and under,Machine wash; imported,Western Skies Collection",30% OFF,Girls Patchwork Ruffle Dress - Western Skies,27.97,"1,2,3,4,5,6,7,8,9,10,11,12,13,14,15",(0),"{'colour': 'ROSE PETAL', 'size': ['12-18 M', '18-24 M', '2T', '3T', '4T', '5T', '6', '7', '8', '10', '12']}"
,https://assets.theplace.com/image/upload/w_200/v1/ecom/assets/products/gym/3023388/3023388_32SZ.jpg,https://www.gymboree.com/us/p/Girls-Short-Sleeve-Embroidered-Cowgirl-Hat-Top---Western-Skies-3023388-32SZ,30,"Dreaming of the wild west and cowgirl adventures in our Western Skies Top.,100% ribbed cotton,Features embroidered cowgirl hat with flowers,Ruffle trim at shoulders,Shirred cap sleeves,Machine wash; imported,Western Skies Collection",30% OFF,Girls Embroidered Cowgirl Top - Western Skies,17.47,"1,2,3,4,5,6,7,8,9,10,11,12,13,14,15",(0),"{'colour': 'SAGE FLOWER', 'size': ['12-18 M', '18-24 M', '2T', '3T', '4T', '5T', '6', '7', '8', '10', '12']}"
,https://assets.theplace.com/image/upload/w_200/v1/ecom/assets/products/gym/3023360/3023360_1338.jpg,https://www.gymboree.com/us/p/Girls-Long-Sleeve-Embroidered-Floral-Peasant-Top---Western-Skies-3023360-1338,30,"With embroidered flowers and smocked hem, this Peasant Top from our Western Skies Collection is perfect for Fall.,100% ribbed cotton,Features embroidered flower chains,Elasticized neck, cuffs and hem,Smocked hem,Machine wash; imported,Western Skies Collection",30% OFF,Girls Embroidered Floral Peasant Top - Western Skies,23.07,"1,2,3,4,5,6,7,8,9,10,11,12,13,14,15",(0),"{'colour': 'SPRING SKY', 'size': ['12-18 M', '18-24 M', '2T', '3T', '4T', '5T', '6', '7', '8', '10', '12']}"
,https://assets.theplace.com/image/upload/w_200/v1/ecom/assets/products/gym/3022986/3022986_2152.jpg,https://www.gymboree.com/us/p/Girls-Chevron-Print-Knit-Leggings---Western-Skies-3022986-2152,30,"Long lasting hand-me-down quality, soft cotton fabric and made to wear with all her favorites... our Western Skies Leggings are a must-have!,94% cotton/6% elastane,Easy-pull on style,Features allover chevron print,Full length,Machine wash; imported,Western Skies Collection",30% OFF,Girls Chevron Leggings - Western Skies,13.97,"1,2,3,4,5,6,7,8,9,10,11,12,13,14,15",(0),"{'colour': 'GRAND CANYON', 'size': ['12-18 M', '18-24 M', '2T', '3T', '4T', '5T', '6', '7', '8', '10', '12']}"
,https://assets.theplace.com/image/upload/w_200/v1/ecom/assets/products/gym/3023226/3023226_32CB.jpg,https://www.gymboree.com/us/p/Girls-Knit-Ruffle-Leggings---Western-Skies-3023226-32CB,30,"Long lasting hand-me-down quality, soft cotton fabric and made to wear with all her favorites our Western Skies Leggings are a must-have!,94% cotton/6% elastane,Easy-pull on style,Features ruffle trim at sides,Full length,Machine wash; imported,Western Skies Collection",30% OFF,Girls Ruffle Leggings - Western Skies,13.97,"1,2,3,4,5,6,7,8,9,10,11,12,13,14,15",(0),"{'colour': 'BROWN BEAR', 'size': ['12-18 M', '18-24 M', '2T', '3T', '4T', '5T', '6', '7', '8', '10', '12']}"
,https://assets.theplace.com/image/upload/w_200/v1/ecom/assets/products/gym/3022995/3022995_32CB.jpg,https://www.gymboree.com/us/p/Girls-Floral-Print-Ponte-Knit-Jeggings---Western-Skies-3022995-32CB,30,"An easy pull-on waist, pretty floral print and ponte knit fabric... these Western Skies Jeggings are ready for Fall!,59% cotton/36% polyester/5% spandex,Easy-pull on style,Features allover floral print,Center seam at front,Machine wash; imported,Western Skies Collection",30% OFF,Girls Floral Ponte Jeggings - Western Skies,20.27,"1,2,3,4,5,6,7,8,9,10,11,12,13,14,15",(0),"{'colour': 'BROWN BEAR', 'size': ['12-18 M', '18-24 M', '2T', '3T', '4T', '5T', '6', '7', '8', '10', '12']}"
,https://assets.theplace.com/image/upload/w_200/v1/ecom/assets/products/gym/3022996/3022996_32SZ.jpg,https://www.gymboree.com/us/p/Girls-Long-Sleeve-Embroidered-Horseshoe-Knit-Dress---Western-Skies-3022996-32SZ,30,"Add a little bit of lucky to her style with this embroidered horseshoe dress from our Western Skies Collection!,100% cotton jersey,Easy pull-on style,Features embroidered horseshoe with flowers,Empire waist,Shirred cap sleeves,Unlined,Above-the-knee length,Includes diaper cover made of 100% cotton batiste for sizes 3T and under,Machine wash; imported,Western Skies Collection",30% OFF,Girls Embroidered Horseshoe Dress - Western Skies,20.97,"1,2,3,4,5,6,7,8,9,10,11,12,13,14,15",(0),"{'colour': 'SAGE FLOWER', 'size': ['12-18 M', '18-24 M', '2T', '3T', '4T', '5T', '6', '7', '8', '10', '12']}"
,https://assets.theplace.com/image/upload/w_200/v1/ecom/assets/products/gym/3029698/3029698_BQ.jpg,https://www.gymboree.com/us/p/Boys-Long-Striped-Sleeve-Embroidered-Construction-Truck--Birthday-Boy--2-In-1-Top-And-Five-Pocket-Jeans-Set---Birthday-Boutique-3029698-BQ,30,"3, 2, 1... make a wish for the birthday boy! It's his special day and our Birthday Boutique set is ready to celebrate.,Top made of 100% cotton jersey,Features embroidered construction truck with birthday cake and 'birthday boy',Long striped layered sleeves,Ribbed neck,Jeans made of 98% cotton/2% spandex denim,Snap closure with no-zip fly,Elastic back waist,Inner adjustable waist tabs for sizes 4T and up,Five-pocket styling,Machine wash; imported,Birthday Boutique Collection",,Boys 2 In 1 Top And Jeans Set - Birthday Boutique,34.98,"1,2,3,4,5,6,7,8,9,10,11,12,13,14,15",(0),"{'colour': 'MULTI CLR', 'size': ['12-18 M', '18-24 M', '2T', '3T', '4T', '5T', '6', '7', '8', '10', '12']}"
,https://assets.theplace.com/image/upload/w_200/v1/ecom/assets/products/gym/3023350/3023350_SV.jpg,https://www.gymboree.com/us/p/Girls-Long-Sleeve-Embroidered-Cowgirl-Boots-Top---Western-Skies-3023350-SV,30,"Dreaming of the wild west and cowgirl adventures in our Western Skies Top.,100% ribbed cotton,Features embroidered cowgirl boots with flowers,Elasticized neck,Shirred cap sleeves,Machine wash; imported,Western Skies Collection",30% OFF,Girls Embroidered Cowgirl Top - Western Skies,18.87,"1,2,3,4,5,6,7,8,9,10,11,12,13,14,15",(0),"{'colour': 'SNOW', 'size': ['12-18 M', '18-24 M', '2T', '3T', '4T', '5T', '6', '7', '8', '10', '12']}"
,https://assets.theplace.com/image/upload/w_200/v1/ecom/assets/products/gym/3023044/3023044_324L.jpg,https://www.gymboree.com/us/p/Boys-Long-Striped-Sleeve-Embroidered-Construction-Truck--Birthday-Boy--2-In-1-Top---Birthday-Boutique-3023044-324L,30,"3, 2, 1... make a wish for the birthday boy! It's his special day and our Birthday Boutique Top is ready to celebrate.,100% cotton jersey,Features embroidered construction truck with birthday cake and 'birthday boy',Long striped layered sleeves,Ribbed neck,Machine wash; imported,Birthday Boutique Collection",,Boys Embroidered Birthday 2 In 1 Top - Birthday Boutique,14.99,"1,2,3,4,5,6,7,8,9,10,11,12,13,14,15",(0),"{'colour': 'ALLURE BLUE', 'size': ['12-18 M', '18-24 M', '2T', '3T', '4T', '5T', '6', '7', '8', '10', '12']}"
,https://assets.theplace.com/image/upload/w_200/v1/ecom/assets/products/gym/3023376/3023376_1124.jpg,https://www.gymboree.com/us/p/Boys-Long-Sleeve-Birthday-Dino-Snug-Fit-Cotton-2-Piece-Pajamas---Gymmies-3023376-1124,30,"Drift to dreamland in our Birthday Dino Pajamas, made from oh-so-soft, comfy and high-quality cotton.,100% ribbed cotton,Snug fitting,Top features embroidered birthday party dino with 'birthday boy',Easy pull-on style bottoms feature allover stripes,Banded cuffs,Machine wash; imported,Gymmies Collection",,Boys Birthday Dino Cotton 2-Piece Pajamas - Gymmies,12.99,"1,2,3,4,5,6,7,8,9,10,11,12,13,14,15",(0),"{'colour': 'GALAXYNAVY', 'size': ['12-18 M', '18-24 M', '2T', '3T', '4T', '5T', '6', '7', '8', '10', '12', '14']}"
,https://assets.theplace.com/image/upload/w_200/v1/ecom/assets/products/gym/3023314/3023314_1116.jpg,https://www.gymboree.com/us/p/Girls-Long-Sleeve-Embroidered-Cupcake--I-m-The-Birthday-Girl--Top---Birthday-Boutique-3023314-1116,30,"3, 2, 1... make a wish for the birthday girl! It's her special day and our Birthday Boutique Top is ready to celebrate.,100% ribbed cotton,Features embroidered cupcake and 'I'm the birthday girl',Shirred cap sleeves with banded cuffs,Machine wash; imported,Birthday Boutique Collection",,Girls Embroidered Cupcake Top - Birthday Boutique,14.99,"1,2,3,4,5,6,7,8,9,10,11,12,13,14,15",(0),"{'colour': 'WHISPERPNK', 'size': ['12-18 M', '18-24 M', '2T', '3T', '4T', '5T', '6', '7', '8', '10', '12']}"
,https://assets.theplace.com/image/upload/w_200/v1/ecom/assets/products/gym/3029656/3029656_BQ.jpg,https://www.gymboree.com/us/p/Girls-Long-Sleeve-Embroidered-Cupcake--I-m-The-Birthday-Girl--Top-And-Woven-Ruffle-Tutu-And-Cupcake-Print-Knit-Bow-Leggings-Set---Birthday-Boutique-3029656-BQ,30,"3, 2, 1... make a wish for the birthday girl! It's her special day and our Birthday Boutique Set is ready to celebrate.,Top made of 100% ribbed cotton,Features embroidered cupcake and 'I'm the birthday girl',Shirred cap sleeves with banded cuffs,Leggings made of 94% cotton/6% elastane,Easy pull-on style,Features allover cupcake print,Permanent bows at tulip hem,Full length,Tutu made of 100% polyester tulle,Easy pull-on style,Features tulle ruffles at hem,Fully lined,Above-the-knee length,Includes diaper cover made of 100% polyester taffeta for sizes 3T and under,Machine wash; imported,Birthday Boutique Collection",,Girls Top And Tutu Leggings Set - Birthday Boutique,38.97,"1,2,3,4,5,6,7,8,9,10,11,12,13,14,15",(0),"{'colour': 'MULTI CLR', 'size': ['12-18 M', '18-24 M', '2T', '3T', '4T', '5T', '6', '7', '8', '10', '12']}"
,https://assets.theplace.com/image/upload/w_200/v1/ecom/assets/products/gym/3023009/3023009_1116.jpg,https://www.gymboree.com/us/p/Girls-Cupcake-Print-Knit-Bow-Leggings---Birthday-Boutique-3023009-1116,30,"3, 2, 1... make a wish for the birthday girl! It's her special day and our Birthday Boutique Leggings are ready to celebrate.,94% cotton/6% elastane,Easy pull-on style,Features allover cupcake print,Permanent bows at tulip hem,Full length,Machine wash; imported,Birthday Boutique Collection",,Girls Cupcake Bow Leggings - Birthday Boutique,9.99,"1,2,3,4,5,6,7,8,9,10,11,12,13,14,15",(0),"{'colour': 'WHISPERPNK', 'size': ['12-18 M', '18-24 M', '2T', '3T', '4T', '5T', '6', '7', '8', '10', '12']}"
,https://assets.theplace.com/image/upload/w_200/v1/ecom/assets/products/gym/3023008/3023008_1116.jpg,https://www.gymboree.com/us/p/Girls-Woven-Ruffle-Tutu---Birthday-Boutique-3023008-1116,30,"3, 2, 1... make a wish for the birthday girl! It's her special day and our Birthday Boutique Tutu is ready to celebrate.,100% polyester tulle,Easy pull-on style,Features tulle ruffles at hem,Fully lined,Above-the-knee length,Includes diaper cover made of 100% polyester taffeta for sizes 3T and under,Machine wash; imported,Birthday Boutique Collection",,Girls Ruffle Tutu - Birthday Boutique,14.99,"1,2,3,4,5,6,7,8,9,10,11,12,13,14,15",(0),"{'colour': 'WHISPERPNK', 'size': ['12-18 M', '18-24 M', '2T', '3T', '4T', '5T', '6', '7', '8', '10', '12']}"
,https://assets.theplace.com/image/upload/w_200/v1/ecom/assets/products/gym/3023377/3023377_CC.jpg,https://www.gymboree.com/us/p/Girls-Long-Sleeve-Birthday-Cupcake-Snug-Fit-Cotton-2-Piece-Pajamas---Gymmies-3023377-CC,30,"Drift to dreamland in our Birthday Cupcake Pajamas, made from oh-so-soft, comfy and high-quality cotton.,100% ribbed cotton,Snug fitting,Top features embroidered birthday cupcake with 'birthday girl',Easy pull-on style bottoms feature allover stripes,Banded cuffs,Machine wash; imported,Gymmies Collection",,Girls Birthday Cupcake Cotton 2-Piece Pajamas - Gymmies,12.99,"1,2,3,4,5,6,7,8,9,10,11,12,13,14,15",(0),"{'colour': 'CUPCAKE', 'size': ['12-18 M', '18-24 M', '2T', '3T', '4T', '5T', '6', '7', '8', '10', '12', '14']}"
,https://assets.theplace.com/image/upload/w_200/v1/ecom/assets/products/gym/3029699/3029699_BQ.jpg,https://www.gymboree.com/us/p/Boys-Long-Sleeve-Embroidered-Apple-Fleece-Zip-Up-Hoodie-And-Fleece-Jogger-Pants-Set---Teacher-s-Favorite-3029699-BQ,30,"Keep him warm, cozy and cool in school with our Teacher's Favorite zip up hoodie and jogger pants set.,Hoodie made of 80% cotton/20% polyester fleece,Zip front,Features embroidered apple patch with caterpillar,Kangaroo pocket,Contrast raglan sleeves,Ribbed cuffs and hem,Attached hood,Supersoft fleece interior,Jogger pants made of 80% cotton/20% polyester fleece,Easy pull-on style,Functional drawstring at ribbed waistband,Front pockets,Stitched knees,Elasticized ribbed striped leg cuffs,Machine wash; imported,Teacher's Favorite Collection",,Boys Zip Up Hoodie And Jogger Pants Set - Teacher's Favorite,37.48,"1,2,3,4,5,6,7,8,9,10,11,12,13,14,15",(0),"{'colour': 'MULTI CLR', 'size': ['12-18 M', '18-24 M', '2T', '3T', '4T', '5T', '6', '7', '8', '10', '12']}"
,https://assets.theplace.com/image/upload/w_200/v1/ecom/assets/products/gym/3023591/3023591_IV.jpg,https://www.gymboree.com/us/p/Boys-Long-Sleeve-Embroidered--My-1st-Day-Of-School--Raglan-Top---Teacher-s-Favorite-3023591-IV,30,"He's ready for his first day of school in our Teacher's Favorite Raglan Top.,100% cotton jersey,Features embroidered books, apples and 'my 1st day of school',Contrast raglan sleeves,Ribbed neck,Machine wash; imported,Teacher's Favorite Collection",,Boys Embroidered School Raglan Top - Teacher's Favorite,11.99,"1,2,3,4,5,6,7,8,9,10,11,12,13,14,15",(1),"{'colour': 'TIDAL', 'size': ['12-18 M', '18-24 M', '2T', '3T', '4T', '5T', '6', '7', '8', '10', '12']}"
,https://assets.theplace.com/image/upload/w_200/v1/ecom/assets/products/gym/3023784/3023784_IV.jpg,https://www.gymboree.com/us/p/Boys-Short-Sleeve-Peek-A-Boo-Zipper-Embroidered-Apple-Patch-Top---Teacher-s-Favorite-3023784-IV,30,"This top from our Teacher's Favorite Collection features a playful and interactive zipper detail!,100% cotton jersey,Embroidered apple patch features zipper pocket with a caterpillar on a string,Ribbed neck,Machine wash; imported,Teacher's Favorite Collection",50% OFF,Boys Peek-A-Boo Apple Patch Top - Teacher's Favorite,13.48,"1,2,3,4,5,6,7,8,9,10,11,12,13,14,15",(2),"{'colour': 'TIDAL', 'size': ['12-18 M', '18-24 M', '2T', '3T', '4T', '5T', '6', '7', '8', '10', '12']}"
,https://assets.theplace.com/image/upload/w_200/v1/ecom/assets/products/gym/3029700/3029700_BQ.jpg,https://www.gymboree.com/us/p/Boys-Long-Sleeve-Plaid-Twill-Button-Up-Shirt-And-Roll-Cuff-Jeans-Set---Teacher-s-Favorite-3029700-BQ,30,"Keep him cool in school this fall with our Teacher's Favorite set! ,Button up shirt made of 100% cotton twill,Button front,Features allover plaid,Chest pocket,Button-tab cuffs,Jeans made of 98% cotton/2% spandex denim,Button closure with no-zip fly,Elastic back waist,Inner adjustable waist tabs for sizes 4T and up,Five-pocket styling,Roll cuff,Lined in plaid cotton twill,Machine wash; imported,Teacher's Favorite Collection",,Boys Button Up Shirt And Jeans Set - Teacher's Favorite,31.98,"1,2,3,4,5,6,7,8,9,10,11,12,13,14,15",(0),"{'colour': 'MULTI CLR', 'size': ['12-18 M', '18-24 M', '2T', '3T', '4T', '5T', '6', '7', '8', '10', '12']}"
,https://assets.theplace.com/image/upload/w_200/v1/ecom/assets/products/gym/3023064/3023064_IV.jpg,https://www.gymboree.com/us/p/Boys-Long-Sleeve-Intarsia-Apple-Sweater---Teacher-s-Favorite-3023064-IV,30,"Our Teacher's Favorite Sweater is made from a soft knit cotton and features an intarsia apple.,100% combed cotton,Features intarsia apple,Ribbed neck, cuffs and hem,Machine wash; imported,Teacher's Favorite Collection",,Boys Intarsia Apple Sweater - Teacher's Favorite,14.99,"1,2,3,4,5,6,7,8,9,10,11,12,13,14,15",(0),"{'colour': 'TIDAL', 'size': ['12-18 M', '18-24 M', '2T', '3T', '4T', '5T', '6', '7', '8', '10', '12']}"
,https://assets.theplace.com/image/upload/w_200/v1/ecom/assets/products/gym/3023785/3023785_328X.jpg,https://www.gymboree.com/us/p/Boys-Short-Sleeve-Embroidered-Owl-Top---Teacher-s-Favorite-3023785-328X,30,"He's ready for his first day of school in our Teacher's Favorite Owl Top.,100% cotton jersey,Features embroidered owl wearing round glasses and plaid scarf,Ribbed neck,Machine wash; imported,Teacher's Favorite Collection",50% OFF,Boys Embroidered Owl Top - Teacher's Favorite,13.48,"1,2,3,4,5,6,7,8,9,10,11,12,13,14,15",(1),"{'colour': 'ROYAL RED', 'size': ['12-18 M', '18-24 M', '2T', '3T', '4T', '5T', '6', '7', '8', '10', '12']}"
,https://assets.theplace.com/image/upload/w_200/v1/ecom/assets/products/gym/3023071/3023071_IV.jpg,https://www.gymboree.com/us/p/Boys-Short-Sleeve-Embroidered-Apple-Striped-Pocket-Top---Teacher-s-Favorite-3023071-IV,30,"He's ready for his first day of school in our Teacher's Favorite Pocket Top.,100% cotton jersey,Features chest stripes,Contrast chest pocket with embroidered apple,Ribbed neck,Machine wash; imported,Teacher's Favorite Collection",40% OFF,Boys Striped Pocket Top - Teacher's Favorite,14.97,"1,2,3,4,5,6,7,8,9,10,11,12,13,14,15",(1),"{'colour': 'TIDAL', 'size': ['12-18 M', '18-24 M', '2T', '3T', '4T', '5T', '6', '7', '8', '10', '12']}"
,https://assets.theplace.com/image/upload/w_200/v1/ecom/assets/products/gym/3023590/3023590_SV.jpg,https://www.gymboree.com/us/p/Boys-Long-Sleeve-Embroidered-Apple-Truck-Raglan-Top---Teacher-s-Favorite-3023590-SV,30,"He's ready for his first day of school in our Teacher's Favorite Raglan Top.,100% cotton jersey,Features embroidered truck with apples and plaid wheels,Contrast raglan sleeves,Ribbed neck,Machine wash; imported,Teacher's Favorite Collection",40% OFF,Boys Embroidered Truck Raglan Top - Teacher's Favorite,17.37,"1,2,3,4,5,6,7,8,9,10,11,12,13,14,15",(1),"{'colour': 'SNOW', 'size': ['12-18 M', '18-24 M', '2T', '3T', '4T', '5T', '6', '7', '8', '10', '12']}"
,https://assets.theplace.com/image/upload/w_200/v1/ecom/assets/products/gym/3023089/3023089_32N7.jpg,https://www.gymboree.com/us/p/Boys-Long-Sleeve-Embroidered-Dino-Print-Sweater---Dino-Dude-3023089-32N7,30,"Calling all future paleontologists your little dino explorer will love this Sweater from our Dino Dude Collection!,100% combed cotton,Features allover embroidered dino print,Ribbed neck, cuffs and hem,Machine wash; imported,Dino Dude Collection",30% OFF,Boys Embroidered Sweater - Dino Dude,27.97,"1,2,3,4,5,6,7,8,9,10,11,12,13,14,15",(0),"{'colour': 'QUENCH BLUE', 'size': ['12-18 M', '18-24 M', '2T', '3T', '4T', '5T', '6', '7', '8', '10', '12']}"
,https://assets.theplace.com/image/upload/w_200/v1/ecom/assets/products/gym/3023088/3023088_1363.jpg,https://www.gymboree.com/us/p/Boys-Long-Raglan-Sleeve-Embroidered-T-Rex-Sweatshirt---Dino-Dude-3023088-1363,30,"Embroidered patches, 3D spikes and supersoft fleece this Dino Dude Sweatshirt is all about dino-mite details!,80% cotton/20% polyester fleece,Features embroidered t-rex with 3D spikes,Contrast raglan sleeves,Ribbed neck, cuffs and hem,Machine wash; imported,Dino Dude Collection",30% OFF,Boys Embroidered T-Rex Sweatshirt - Dino Dude,27.97,"1,2,3,4,5,6,7,8,9,10,11,12,13,14,15",(0),"{'colour': 'H/T SMOKE', 'size': ['12-18 M', '18-24 M', '2T', '3T', '4T', '5T', '6', '7', '8', '10', '12']}"
,https://assets.theplace.com/image/upload/w_200/v1/ecom/assets/products/gym/3023673/3023673_1128.jpg,https://www.gymboree.com/us/p/Boys-Long-Sleeve-Dino-And-Striped-Top---Dino-Dude-3023673-1128,30,"He's ready for a pre-historic adventure in our Dino Dude Top, featuring stripes and dinosaur patches!,100% cotton jersey,Features allover stripes,Pterodactyl and stegosaurus patches,Ribbed neck,Machine wash; imported,Dino Dude Collection",30% OFF,Boys Striped Top - Dino Dude,20.27,"1,2,3,4,5,6,7,8,9,10,11,12,13,14,15",(0),"{'colour': 'SIMPLYWHT', 'size': ['12-18 M', '18-24 M', '2T', '3T', '4T', '5T', '6', '7', '8', '10', '12']}"
,https://assets.theplace.com/image/upload/w_200/v1/ecom/assets/products/gym/3023087/3023087_1095.jpg,https://www.gymboree.com/us/p/Boys-Poplin-Pull-On-Pants---Dino-Dude-3023087-1095,30,"Every little guy needs the perfect pair of classic and comfy pants-- this pull on pair matches all his favorite styles!,100% cotton poplin,Ribbed cotton easy pull-on waistband,Functional drawstring,Functional front and back patch pockets,Lined in jersey,Machine wash; imported,Dino Dude Collection",30% OFF,Boys Pull On Pants - Dino Dude,25.87,"1,2,3,4,5,6,7,8,9,10,11,12,13,14,15",(0),"{'colour': 'IRELAND', 'size': ['12-18 M', '18-24 M', '2T', '3T', '4T', '5T', '6', '7', '8', '10', '12']}"
,https://assets.theplace.com/image/upload/w_200/v1/ecom/assets/products/gym/3023096/3023096_32N7.jpg,https://www.gymboree.com/us/p/Boys-Fleece-Pull-On-Cargo-Jogger-Pants---Dino-Dude-3023096-32N7,30,"Every little guy needs the perfect pair of classic and comfy joggers-- this fleece cargo style matches all his favorite styles!,80% cotton/20% polyester fleece,Easy pull-on style,Non-functional drawstring,Front side slant pockets,Touch-close cargo pockets,Touch-close patch pockets,Elasticized leg cuffs,Machine wash; imported,Dino Dude Collection",30% OFF,Boys Cargo Jogger Pants - Dino Dude,23.07,"1,2,3,4,5,6,7,8,9,10,11,12,13,14,15",(0),"{'colour': 'QUENCH BLUE', 'size': ['12-18 M', '18-24 M', '2T', '3T', '4T', '5T', '6', '7', '8', '10', '12']}"
,https://assets.theplace.com/image/upload/w_200/v1/ecom/assets/products/gym/3023678/3023678_32C7.jpg,https://www.gymboree.com/us/p/Boys-Long-Sleeve-Embroidered-Triceratops-2-In-1-Top---Dino-Dude-3023678-32C7,30,"He's ready for a pre-historic adventure in our Dino Dude 2 In 1 Top, featuring stripes and dinosaur embroidery!,100% cotton jersey,Features embroidered triceratops,Short sleeves; long striped sleeves,Ribbed neck,Machine wash; imported,Dino Dude Collection",30% OFF,Boys Embroidered Triceratops 2 In 1 Top - Dino Dude,20.27,"1,2,3,4,5,6,7,8,9,10,11,12,13,14,15",(0),"{'colour': 'ORANGE OASIS', 'size': ['12-18 M', '18-24 M', '2T', '3T', '4T', '5T', '6', '7', '8', '10', '12']}"
,https://assets.theplace.com/image/upload/w_200/v1/ecom/assets/products/gym/3023219/3023219_1363.jpg,https://www.gymboree.com/us/p/Boys-Embroidered-T-Rex-Fleece-Jogger-Pants---Dino-Dude-3023219-1363,30,"Calling all future paleontologists your little dino explorer will love these Jogger Pants from our Dino Dude Collection!,80% cotton/20% polyester fleece,Easy pull-on style,Non-functional drawstring,Features embroidered t-rex with 3D spikes,Functional side pockets,Back patch pocket,Elasticized leg cuffs,Machine wash; imported,Dino Dude Collection",30% OFF,Boys Embroidered T-Rex Pull On Jogger Pants - Dino Dude,23.07,"1,2,3,4,5,6,7,8,9,10,11,12,13,14,15",(0),"{'colour': 'H/T SMOKE', 'size': ['12-18 M', '18-24 M', '2T', '3T', '4T', '5T', '6', '7', '8', '10', '12']}"
,https://assets.theplace.com/image/upload/w_200/v1/ecom/assets/products/gym/3029704/3029704_BQ.jpg,https://www.gymboree.com/us/p/Boys-Long-Sleeve-Embroidered-Fleece-Hoodie-And-Side-Stripe-Fleece-Jogger-Pants-Set---Fire-Chief-3029704-BQ,30,"Every little hero needs the perfect rescue-ready outfit. He'll love this set from our Fire Chief Collection! ,Hoodie made of 80% cotton/20% polyester fleece,Hidden half-button placket,Features embroidered fire department chest patch and stripes,Ribbed cuffs and hem,Attached hood,Supersoft fleece interior,Jogger pants made of 80% cotton/20% polyester fleece,Easy pull-on style,Functional drawstring,Features contrast side stripes,Functional side pockets,Back patch pocket,Elasticized leg cuffs,Machine wash; imported,Fire Chief Collection",,Boys Hoodie And Jogger Pants Set - Fire Chief,37.48,"1,2,3,4,5,6,7,8,9,10,11,12,13,14,15",(0),"{'colour': 'MULTI CLR', 'size': ['12-18 M', '18-24 M', '2T', '3T', '4T', '5T', '6', '7', '8', '10', '12']}"
,https://assets.theplace.com/image/upload/w_200/v1/ecom/assets/products/gym/3029726/3029726_BQ.jpg,https://www.gymboree.com/us/p/Boys-Long-Raglan-Sleeve-Embroidered-T-Rex-Sweatshirt-And-Embroidered-T-Rex-Fleece-Jogger-Pants-Set---Dino-Dude-3029726-BQ,30,"Calling all future paleontologists... your little dino explorer will love thisJset from our Dino Dude Collection!,Sweatshirt made of 80% cotton/20% polyester fleece,Features embroidered t-rex with 3D spikes,Contrast raglan sleeves,Ribbed neck, cuffs and hem,Jogger pants made of 80% cotton/20% polyester fleece,Easy pull-on style,Non-functional drawstring,Features embroidered t-rex with 3D spikes,Functional side pockets,Back patch pocket,Elasticized leg cuffs,Machine wash; imported,Dino Dude Collection",30% OFF,Boys Sweatshirt And Jogger Pants Set - Dino Dude,51.07,"1,2,3,4,5,6,7,8,9,10,11,12,13,14,15",(0),"{'colour': 'MULTI CLR', 'size': ['12-18 M', '18-24 M', '2T', '3T', '4T', '5T', '6', '7', '8', '10', '12']}"
,https://assets.theplace.com/image/upload/w_200/v1/ecom/assets/products/gym/3029718/3029718_BQ.jpg,https://www.gymboree.com/us/p/Boys-Short-Sleeve-Fire-Man-Suspenders-Top-And-Twill-Pull-On-Jogger-Pants-Set---Fire-Chief-3029718-BQ,30,"Every little hero needs the perfect rescue-ready outfit. He'll love this set from our Fire Chief Collection! ,Top made of 100% cotton jersey,Features fire man suspenders and fire department chest patch,Ribbed neck,Jogger pants made of 98% cotton/2% spandex twill,Easy pull-on style,Functional drawstring,Front patch pockets,Back welt pockets,Elasticized leg cuffs,Machine wash; imported,Fire Chief Collection",,Boys Top And Jogger Pants Set - Fire Chief,29.98,"1,2,3,4,5,6,7,8,9,10,11,12,13,14,15",(0),"{'colour': 'MULTI CLR', 'size': ['12-18 M', '18-24 M', '2T', '3T', '4T', '5T', '6', '7', '8', '10', '12']}"
,https://assets.theplace.com/image/upload/w_200/v1/ecom/assets/products/gym/3023045/3023045_01.jpg,https://www.gymboree.com/us/p/Boys-Long-Sleeve-Intarsia-Fire-Truck-Sweater---Fire-Chief-3023045-01,30,"Stay comfy and warm this Fall in our Fire Chief Hoodie, made from a comfy knit cotton and featuring an intarsia fire truck!,100% combed cotton,Features intarsia fire truck,Ribbed neck, cuffs and hem,Machine wash; imported,Fire Chief Collection",,Boys Intarsia Sweater - Fire Chief,14.99,"1,2,3,4,5,6,7,8,9,10,11,12,13,14,15",(0),"{'colour': 'BLACK', 'size': ['12-18 M', '18-24 M', '2T', '3T', '4T', '5T', '6', '7', '8', '10', '12']}"
,https://assets.theplace.com/image/upload/w_200/v1/ecom/assets/products/gym/3023043/3023043_1128.jpg,https://www.gymboree.com/us/p/Boys-Long-Sleeve-Embroidered-Fire-Department-And-Dalmatian-Raglan-Top---Fire-Chief-3023043-1128,30,"This Raglan Top from our Fire Chief Collection is made for your little hero-in-training!,100% cotton jersey,Features embroidered fire department and Dalmatian patch,Contrast raglan sleeves with striped detail,Ribbed neck, cuffs and hem,Machine wash; imported,Fire Chief Collection",,Boys Embroidered Raglan Top - Fire Chief,11.99,"1,2,3,4,5,6,7,8,9,10,11,12,13,14,15",(2),"{'colour': 'SIMPLYWHT', 'size': ['12-18 M', '18-24 M', '2T', '3T', '4T', '5T', '6', '7', '8', '10', '12']}"
,https://assets.theplace.com/image/upload/w_200/v1/ecom/assets/products/gym/3023340/3023340_1364.jpg,https://www.gymboree.com/us/p/Boys-Long-Sleeve-Embroidered-Dalmatian-Colorblock-Polo---Fire-Chief-3023340-1364,30,"This Polo from our Fire Chief Collection is made for your little hero-in-training!,100% cotton jersey,Half-button placket,Features embroidered Dalmatian,Colorblock panels,Ribbed collar,Machine wash; imported,Fire Chief Collection",,Boys Dalmatian Polo - Fire Chief,14.99,"1,2,3,4,5,6,7,8,9,10,11,12,13,14,15",(1),"{'colour': 'H/T HOUND', 'size': ['12-18 M', '18-24 M', '2T', '3T', '4T', '5T', '6', '7', '8', '10', '12']}"
,https://assets.theplace.com/image/upload/w_200/v1/ecom/assets/products/gym/3023394/3023394_01.jpg,https://www.gymboree.com/us/p/Boys-Short-Sleeve-Embroidered-Fire-Truck-Top---Fire-Chief-3023394-01,30,"He's daydreaming of saving the day in our Fire Chief Top, complete with an embroidered Fire Truck!,100% cotton jersey,Features embroidered fire truck,Ribbed neck,Machine wash; imported,Fire Chief Collection",,Boys Embroidered Fire Truck Top - Fire Chief,10.99,"1,2,3,4,5,6,7,8,9,10,11,12,13,14,15",(3),"{'colour': 'BLACK', 'size': ['12-18 M', '18-24 M', '2T', '3T', '4T', '5T', '6', '7', '8', '10', '12']}"
,https://assets.theplace.com/image/upload/w_200/v1/ecom/assets/products/gym/3023042/3023042_01.jpg,https://www.gymboree.com/us/p/Boys-Short-Sleeve-Fire-Truck-Print-Pocket-Top---Fire-Chief-3023042-01,30,"He's daydreaming of saving the day in our Fire Chief Top, complete with an allover fire truck print!,100% cotton jersey,Features allover fire truck and traffic light print,Chest pocket,Ribbed neck,Machine wash; imported,Fire Chief Collection",,Boys Fire Truck Pocket Top - Fire Chief,9.99,"1,2,3,4,5,6,7,8,9,10,11,12,13,14,15",(2),"{'colour': 'BLACK', 'size': ['12-18 M', '18-24 M', '2T', '3T', '4T', '5T', '6', '7', '8', '10', '12']}"
,https://assets.theplace.com/image/upload/w_200/v1/ecom/assets/products/gym/3023041/3023041_32L4.jpg,https://www.gymboree.com/us/p/Boys-Long-Sleeve-Plaid-Twill-Button-Up-Shirt---Fire-Chief-3023041-32L4,30,"This Button Up Shirt from our Fire Chief Collection is made for your little hero-in-training!,100% cotton twill,Button front,Features allover plaid,Chest pocket,Button-tab cuffs,Machine wash; imported,Fire Chief Collection",,Boys Plaid Button Up Shirt - Fire Chief,10.99,"1,2,3,4,5,6,7,8,9,10,11,12,13,14,15",(0),"{'colour': 'PURE RED', 'size': ['12-18 M', '18-24 M', '2T', '3T', '4T', '5T', '6', '7', '8', '10', '12']}"
,https://assets.theplace.com/image/upload/w_200/v1/ecom/assets/products/gym/3029723/3029723_BQ.jpg,https://www.gymboree.com/us/p/Boys-Long-Sleeve-Embroidered-Sports-Striped-Polo-And-Pull-On-Corduroy-Jogger-Pants-Set---Future-MVP-3029723-BQ,30,"Our Future MVP set is perfect for cheering on his favorite teams or playing a game of catch in the yard!,Polo made of 100% cotton jersey,Half-button placket,Features embroidered baseball, soccer ball and football chest patch,Colorblock stripes,Jogger pants made of 100% cotton corduroy,Easy pull-on style,Functional drawstring at striped ribbed waistband,Front patch pockets,Back welt pockets,Elasticized leg cuffs,Lined in jersey,Machine wash; imported,Future MVP Collection",30% OFF,Boys Polo And Corduroy Jogger Pants Set - Future MVP,53.87,"1,2,3,4,5,6,7,8,9,10,11,12,13,14,15",(0),"{'colour': 'MULTI CLR', 'size': ['12-18 M', '18-24 M', '2T', '3T', '4T', '5T', '6', '7', '8', '10', '12']}"
,https://assets.theplace.com/image/upload/w_200/v1/ecom/assets/products/gym/3029725/3029725_BQ.jpg,https://www.gymboree.com/us/p/Boys-Long-Raglan-Sleeve-Embroidered-Football-Fleece-Sweatshirt-And-Striped-Fleece-Jogger-Pants-Set---Future-MVP-3029725-BQ,30,"Our Future MVP set is perfect for cheering on his favorite teams or playing a game of catch in the yard!,Sweatshirt made of 80% cotton/20% polyester fleece,Features embroidered football patch at kangaroo pocket,Raglan sleeves with contrast piping,Ribbed neck, cuffs and hem,Supersoft fleece interior,Jogger pants made of 80% cotton/20% polyester fleece,Easy pull-on style,Functional drawstring,Features embroidered stripes at front patch pockets,Back patch pocket,Ribbed elasticized leg cuffs,Machine wash; imported,Future MVP Collection",30% OFF,Boys Sweatshirt And Jogger Pants Set - Future MVP,48.97,"1,2,3,4,5,6,7,8,9,10,11,12,13,14,15",(0),"{'colour': 'MULTI CLR', 'size': ['12-18 M', '18-24 M', '2T', '3T', '4T', '5T', '6', '7', '8', '10', '12']}"
,https://assets.theplace.com/image/upload/w_200/v1/ecom/assets/products/gym/3023101/3023101_1363.jpg,https://www.gymboree.com/us/p/Boys-Long-Sleeve-Embroidered-Sports-Raglan-Top---Future-MVP-3023101-1363,30,"Our Future MVP Raglan Top is perfect for cheering on his favorite teams or playing a game of catch in the yard!,100% cotton jersey,Features embroidered soccer ball and football chest patch,Colorblock raglan sleeves with stripes,Ribbed neck,Machine wash; imported,Future MVP Collection",30% OFF,Boys Embroidered Sports Raglan Top - Future MVP,20.27,"1,2,3,4,5,6,7,8,9,10,11,12,13,14,15",(0),"{'colour': 'H/T SMOKE', 'size': ['12-18 M', '18-24 M', '2T', '3T', '4T', '5T', '6', '7', '8', '10', '12']}"
,https://assets.theplace.com/image/upload/w_200/v1/ecom/assets/products/gym/3023103/3023103_1128.jpg,https://www.gymboree.com/us/p/Boys-Long-Striped-Raglan-Sleeve-Embroidered-Sports--MVP--Top---Future-MVP-3023103-1128,30,"Our Future MVP Top is perfect for cheering on his favorite teams or playing a game of catch in the yard!,100% cotton jersey,Features embroidered 'MVP' with soccer ball, football, basketball, baseball and baseball bat,Raglan sleeves with colorblock stripe,Ribbed neck,Machine wash; imported,Future MVP Collection",30% OFF,Boys Embroidered MVP Top - Future MVP,20.27,"1,2,3,4,5,6,7,8,9,10,11,12,13,14,15",(0),"{'colour': 'SIMPLYWHT', 'size': ['12-18 M', '18-24 M', '2T', '3T', '4T', '5T', '6', '7', '8', '10', '12']}"
,https://assets.theplace.com/image/upload/w_200/v1/ecom/assets/products/gym/3023100/3023100_IV.jpg,https://www.gymboree.com/us/p/Boys-Long-Sleeve-Embroidered-Sports-Striped-Polo---Future-MVP-3023100-IV,30,"Our Future MVP Polo is perfect for cheering on his favorite teams or playing a game of catch in the yard!,100% cotton jersey,Half-button placket,Features embroidered baseball, soccer ball and football chest patch,Colorblock stripes,Machine wash; imported,Future MVP Collection",30% OFF,Boys Sports Striped Polo - Future MVP,25.87,"1,2,3,4,5,6,7,8,9,10,11,12,13,14,15",(0),"{'colour': 'TIDAL', 'size': ['12-18 M', '18-24 M', '2T', '3T', '4T', '5T', '6', '7', '8', '10', '12']}"
,https://assets.theplace.com/image/upload/w_200/v1/ecom/assets/products/gym/3023402/3023402_32L4.jpg,https://www.gymboree.com/us/p/Boys-Long-Striped-Sleeve-Embroidered-Sports-Top---Future-MVP-3023402-32L4,30,"Our Future MVP Top is perfect for cheering on his favorite teams or playing a game of catch in the yard!,100% cotton jersey,Features embroidered soccer ball, football, basketball, baseball and baseball bat,Embroidered stripes at sleeves,Ribbed neck,Machine wash; imported,Future MVP Collection",30% OFF,Boys Embroidered Sports Top - Future MVP,20.27,"1,2,3,4,5,6,7,8,9,10,11,12,13,14,15",(0),"{'colour': 'PURE RED', 'size': ['12-18 M', '18-24 M', '2T', '3T', '4T', '5T', '6', '7', '8', '10', '12']}"
,https://assets.theplace.com/image/upload/w_200/v1/ecom/assets/products/gym/3023403/3023403_IV.jpg,https://www.gymboree.com/us/p/Boys-Long-Striped-Sleeve-Embroidered-Basketball-Top---Future-MVP-3023403-IV,30,"Our Future MVP Top is perfect for cheering on his favorite teams or playing a game of catch in the yard!,100% cotton jersey,Features embroidered basketball and basketball net,Embroidered stripes at sleeves,Ribbed neck,Machine wash; imported,Future MVP Collection",30% OFF,Boys Embroidered Basketball Top - Future MVP,20.27,"1,2,3,4,5,6,7,8,9,10,11,12,13,14,15",(0),"{'colour': 'TIDAL', 'size': ['12-18 M', '18-24 M', '2T', '3T', '4T', '5T', '6', '7', '8', '10', '12']}"
,https://assets.theplace.com/image/upload/w_200/v1/ecom/assets/products/gym/3023400/3023400_1895.jpg,https://www.gymboree.com/us/p/Boys-Long-Sleeve-Embroidered-Cow-2-In-1-Top---Western-Skies-3023400-1895,30,"This Western Skies 2 In 1 Top features embroidered and plaid details.,100% cotton jersey,Features embroidered cow with plaid details,Long layered sleeves,Ribbed neck,Machine wash; imported,Western Skies Collection",30% OFF,Boys Embroidered Cow 2 In 1 Top - Western Skies,20.27,"1,2,3,4,5,6,7,8,9,10,11,12,13,14,15",(0),"{'colour': 'BLUE WAVES', 'size': ['12-18 M', '18-24 M', '2T', '3T', '4T', '5T', '6', '7', '8', '10', '12']}"
,https://assets.theplace.com/image/upload/w_200/v1/ecom/assets/products/gym/3023051/3023051_SV.jpg,https://www.gymboree.com/us/p/Boys-Long-Sleeve-Embroidered-Horse-Raglan-Top---Western-Skies-3023051-SV,30,"Your little cowboy is ready for an adventure in our Western Skies Raglan Top!,100% cotton jersey,Features embroidered horse,Contrast raglan sleeves,Ribbed neck,Machine wash; imported,Western Skies Collection",30% OFF,Boys Embroidered Horse Raglan Top - Western Skies,20.27,"1,2,3,4,5,6,7,8,9,10,11,12,13,14,15",(0),"{'colour': 'SNOW', 'size': ['12-18 M', '18-24 M', '2T', '3T', '4T', '5T', '6', '7', '8', '10', '12']}"
,https://assets.theplace.com/image/upload/w_200/v1/ecom/assets/products/gym/3023102/3023102_1124.jpg,https://www.gymboree.com/us/p/Boys-Long-Sleeve-Embroidered-Soccer-Ball-Colorblock-Top---Future-MVP-3023102-1124,30,"Our Future MVP Top is perfect for cheering on his favorite teams or playing a game of catch in the yard!,100% cotton jersey,Features embroidered soccer ball patch,Colorblock sleeves and yoke,Ribbed neck,Machine wash; imported,Future MVP Collection",30% OFF,Boys Embroidered Soccer Top - Future MVP,20.27,"1,2,3,4,5,6,7,8,9,10,11,12,13,14,15",(0),"{'colour': 'GALAXYNAVY', 'size': ['12-18 M', '18-24 M', '2T', '3T', '4T', '5T', '6', '7', '8', '10', '12']}"
,https://assets.theplace.com/image/upload/w_200/v1/ecom/assets/products/gym/3023674/3023674_SV.jpg,https://www.gymboree.com/us/p/Boys-Long-Sleeve-Embroidered-Cowboy-Top---Western-Skies-3023674-SV,30,"Your little cowboy is ready for an adventure in our Western Skies Embroidered Top!,100% cotton jersey,Features embroidered horseshoe, cowboy boot and hat, sheriff badge and cactus patches,Ribbed neck,Machine wash; imported,Western Skies Collection",30% OFF,Boys Embroidered Cowboy Top - Western Skies,20.27,"1,2,3,4,5,6,7,8,9,10,11,12,13,14,15",(0),"{'colour': 'SNOW', 'size': ['12-18 M', '18-24 M', '2T', '3T', '4T', '5T', '6', '7', '8', '10', '12']}"
,https://assets.theplace.com/image/upload/w_200/v1/ecom/assets/products/gym/3023052/3023052_SV.jpg,https://www.gymboree.com/us/p/Boys-Long-Sleeve-Horse-Print-Shawl-Neck-Cardigan---Western-Skies-3023052-SV,30,"This Western Skies Cardigan is made from a soft cotton knit and features a shawl neck and horse print.,100% combed cotton,Button front,Features striped print and horses,Ribbed shawl collar, cuffs and hem,Machine wash; imported,Western Skies Collection",30% OFF,Boys Horse Cardigan - Western Skies,27.97,"1,2,3,4,5,6,7,8,9,10,11,12,13,14,15",(0),"{'colour': 'SNOW', 'size': ['12-18 M', '18-24 M', '2T', '3T', '4T', '5T', '6', '7', '8', '10', '12']}"
,https://assets.theplace.com/image/upload/w_200/v1/ecom/assets/products/gym/3023076/3023076_2094.jpg,https://www.gymboree.com/us/p/Boys-Long-Roll-Up-Sleeves-Striped-Henley-Top---Western-Skies-3023076-2094,30,"Your little cowboy is ready for an adventure in our Western Skies Henley Top!,100% cotton jersey,Half-button placket,Features allover stripes,Long sleeves can be rolled up and buttoned,Ribbed neck,Machine wash; imported,Western Skies Collection",30% OFF,Boys Striped Henley Top - Western Skies,17.47,"1,2,3,4,5,6,7,8,9,10,11,12,13,14,15",(0),"{'colour': 'REDLANDS', 'size': ['12-18 M', '18-24 M', '2T', '3T', '4T', '5T', '6', '7', '8', '10', '12']}"
,https://assets.theplace.com/image/upload/w_200/v1/ecom/assets/products/gym/3023213/3023213_ZP.mp4,https://www.gymboree.com/us/p/Unisex-Adult-Matching-Family-Long-Sleeve--Merry-Christmas-2021--Plaid-Cotton-2-Piece-Pajamas---Gymmies-3023213-ZP,30,"Celebrate together! Create memorable moments with the entire family this holiday season in our matching family Gymmies!,100% cotton jersey,Note: please reference adult size chart for this item,Top features 'Merry Christmas 2021' with Christmas trees and presents,Easy pull-on style bottoms feature allover plaid,Banded leg cuffs,Machine wash; imported,Gymmies Collection",30% OFF,Unisex Adult Merry Christmas Cotton 2-Piece Pajamas - Gymmies,41.97,"1,2,3,4,5,6,7,8,9,10,11,12,13,14,15",(0),"{'colour': 'SALSA', 'size': ['XS', 'S', 'M', 'L', 'XL', 'XXL']}"
,https://assets.theplace.com/image/upload/w_200/v1/ecom/assets/products/gym/3024292/3024292_ZP.mp4,https://www.gymboree.com/us/p/Unisex-Kids-Matching-Family-Long-Sleeve--Merry-Christmas-2021--Plaid-Snug-Fit-Cotton-2-Piece-Pajamas---Gymmies-3024292-ZP,30,"Celebrate together! Create memorable moments with the entire family this holiday season in our matching family Gymmies!,100% ribbed cotton,Snug fitting,Top features 'Merry Christmas 2021' with Christmas trees and presents,Easy pull-on style bottoms feature allover plaid,Banded cuffs,Machine wash; imported,Gymmies Collection",30% OFF,Unisex Merry Christmas Cotton 2-Piece Pajamas - Gymmies,23.07,"1,2,3,4,5,6,7,8,9,10,11,12,13,14,15",(0),"{'colour': 'SALSA', 'size': ['12-18 M', '18-24 M', '2T', '3T', '4T', '5T', '6', '7', '8', '10', '12', '14']}"
,https://assets.theplace.com/image/upload/w_200/v1/ecom/assets/products/gym/3023341/3023341_1769.jpg,https://www.gymboree.com/us/p/Boys-Short-Sleeve-Embroidered-Bison-Top---Western-Skies-3023341-1769,30,"Your little cowboy is ready for an adventure in our Western Skies Embroidered Top!,100% cotton jersey,Features embroidered bison with ikat details,Ribbed neck,Machine wash; imported,Western Skies Collection",30% OFF,Boys Embroidered Bison Top - Western Skies,18.87,"1,2,3,4,5,6,7,8,9,10,11,12,13,14,15",(0),"{'colour': 'MILKY WAY', 'size': ['12-18 M', '18-24 M', '2T', '3T', '4T', '5T', '6', '7', '8', '10', '12']}"
,https://assets.theplace.com/image/upload/w_200/v1/ecom/assets/products/gym/3023682/3023682_1769.jpg,https://www.gymboree.com/us/p/Boys-Long-Sleeve-Plaid-Twill-Button-Up-Shirt---Western-Skies-3023682-1769,30,"Bring on the Fall fun in our Western Skies Button Up Shirt , featuring allover plaid and made from cotton twill.,100% cotton twill,Button front,Features allover plaid,Chest pocket,Corduroy elbow patches,Button-tab cuffs,Machine wash; imported,Western Skies Collection",30% OFF,Boys Plaid Button Up Shirt - Western Skies,18.87,"1,2,3,4,5,6,7,8,9,10,11,12,13,14,15",(0),"{'colour': 'MILKY WAY', 'size': ['12-18 M', '18-24 M', '2T', '3T', '4T', '5T', '6', '7', '8', '10', '12']}"
,https://assets.theplace.com/image/upload/w_200/v1/ecom/assets/products/gym/3023049/3023049_32CB.jpg,https://www.gymboree.com/us/p/Boys-Long-Sleeve-Sherpa-Collar-Twill-Lined-Corduroy-Jacket---Western-Skies-3023049-32CB,30,"This Western Skies Jacket is made from a soft corduroy and features a sherpa collar and twill lining.,100% cotton corduroy,Snap closures,Sherpa collar,Chest pockets,Button-tab cuffs,Lined in cotton twill,Machine wash; imported,Western Skies Collection",30% OFF,Boys Corduroy Jacket - Western Skies,41.97,"1,2,3,4,5,6,7,8,9,10,11,12,13,14,15",(0),"{'colour': 'BROWN BEAR', 'size': ['12-18 M', '18-24 M', '2T', '3T', '4T', '5T', '6', '7', '8', '10', '12']}"
,https://assets.theplace.com/image/upload/w_200/v1/ecom/assets/products/gym/3023393/3023393_ZP.mp4,https://www.gymboree.com/us/p/Unisex-Adult-Matching-Family-Long-Sleeve-Reindeer-Fairisle-Cotton-2-Piece-Pajamas---Gymmies-3023393-ZP,30,"Celebrate together! Create memorable moments with the entire family this holiday season in our matching family Gymmies!,100% cotton jersey,Note: please reference adult size chart for this item,Top features embroidered reindeer,Easy pull-on style bottoms feature allover reindeer fairisle,Banded leg cuffs,Machine wash; imported,Gymmies Collection",30% OFF,Unisex Adult Reindeer Fairisle Cotton 2-Piece Pajamas - Gymmies,41.97,"1,2,3,4,5,6,7,8,9,10,11,12,13,14,15",(0),"{'colour': 'SALSA', 'size': ['XS', 'S', 'M', 'L', 'XL', 'XXL']}"
,https://assets.theplace.com/image/upload/w_200/v1/ecom/assets/products/gym/3024369/3024369_1523.jpg,https://www.gymboree.com/us/p/Girls-Long-Sleeve-Christmas-Puppy-Snug-Fit-Cotton-2-Piece-Pajamas---Gymmies-3024369-1523,30,"It's the most wonderful time of the year and our Christmas Puppy Pajamas are perfect for bedtime!,100% ribbed cotton,Snug fitting,Top features embroidered puppies wrapped in Christmas presents,Easy pull-on style bottoms feature allover Christmas present and puppy print,Banded cuffs,Machine wash; imported,Gymmies Collection",30% OFF,Girls Christmas Puppy Cotton 2-Piece Pajamas - Gymmies,20.97,"1,2,3,4,5,6,7,8,9,10,11,12,13,14,15",(0),"{'colour': 'TAHITI PINK', 'size': ['12-18 M', '18-24 M', '2T', '3T', '4T', '5T', '6', '7', '8', '10', '12', '14']}"
,https://assets.theplace.com/image/upload/w_200/v1/ecom/assets/products/gym/3024284/3024284_ZP.mp4,https://www.gymboree.com/us/p/Unisex-Kids-Matching-Family-Long-Sleeve-Reindeer-Fairisle-Cotton-2-Piece-Pajamas---Gymmies-3024284-ZP,30,"Celebrate together! Create memorable moments with the entire family this holiday season in our matching family Gymmies!,100% ribbed cotton,Snug fitting,Top features embroidered reindeer,Easy pull-on style bottoms feature allover reindeer fairisle,Banded leg cuffs,Machine wash; imported,Gymmies Collection",30% OFF,Unisex Reindeer Fairisle Cotton 2-Piece Pajamas - Gymmies,23.07,"1,2,3,4,5,6,7,8,9,10,11,12,13,14,15",(0),"{'colour': 'SALSA', 'size': ['12-18 M', '18-24 M', '2T', '3T', '4T', '5T', '6', '7', '8', '10', '12', '14']}"
,https://assets.theplace.com/image/upload/w_200/v1/ecom/assets/products/gym/3024368/3024368_ZP.jpg,https://www.gymboree.com/us/p/Girls-Long-Sleeve-Gingerbread-Snug-Fit-Cotton-2-Piece-Pajamas---Gymmies-3024368-ZP,30,"It's the most wonderful time of the year and our Gingerbread Pajamas are perfect for bedtime!,100% ribbed cotton,Snug fitting,Top features embroidered gingerbread cookie,Easy pull-on style bottoms feature allover gingerbread cookie print,Banded cuffs,Machine wash; imported,Gymmies Collection",30% OFF,Girls Gingerbread Cotton 2-Piece Pajamas - Gymmies,20.97,"1,2,3,4,5,6,7,8,9,10,11,12,13,14,15",(0),"{'colour': 'SALSA', 'size': ['12-18 M', '18-24 M', '2T', '3T', '4T', '5T', '6', '7', '8', '10', '12', '14']}"
,https://assets.theplace.com/image/upload/w_200/v1/ecom/assets/products/gym/3024283/3024283_1095.mp4,https://www.gymboree.com/us/p/Unisex-Kids-Elf-Snug-Fit-Cotton-2-Piece-Pajamas---Gymmies-3024283-1095,30,"Drift to dreamland imagining tons of holiday fun in our Elf Pajamas, made from soft, comfy and high-quality cotton!,100% ribbed cotton,Snug fitting,Top features embroidered elf,Easy pull-on style bottoms feature allover stripes,Banded cuffs,Machine wash; imported,Gymmies Collection",30% OFF,Unisex Elf Cotton 2-Piece Pajamas - Gymmies,23.07,"1,2,3,4,5,6,7,8,9,10,11,12,13,14,15",(0),"{'colour': 'IRELAND', 'size': ['12-18 M', '18-24 M', '2T', '3T', '4T', '5T', '6', '7', '8', '10', '12', '14']}"
,https://assets.theplace.com/image/upload/w_200/v1/ecom/assets/products/gym/3023676/3023676_ZP.mp4,https://www.gymboree.com/us/p/Unisex-Kids-Santa-Suit-Snug-Fit-Cotton-2-Piece-Pajamas---Gymmies-3023676-ZP,30,"Drift to dreamland imagining tons of holiday fun in our Santa Pajamas, made from soft, comfy and high-quality cotton!,100% ribbed cotton,Snug fitting,Top features Santa suit,Easy pull-on style bottoms feature allover stripes,Banded cuffs,Machine wash; imported,Gymmies Collection",30% OFF,Unisex Santa Cotton 2-Piece Pajamas - Gymmies,23.07,"1,2,3,4,5,6,7,8,9,10,11,12,13,14,15",(0),"{'colour': 'SALSA', 'size': ['12-18 M', '18-24 M', '2T', '3T', '4T', '5T', '6', '7', '8', '10', '12', '14']}"
,https://assets.theplace.com/image/upload/w_200/v1/ecom/assets/products/gym/3014537/3014537_2150.jpg,https://www.gymboree.com/us/p/Girls-Short-Sleeve-Applique-Pumpkin-Striped-Sweater-Dress---Lil--Pumpkin-3014537-2150,30,"Our Lil' Pumpkin Sweater Dress is made for skipping through a Fall festival!,100% combed cotton,Buttons at back,Features allover stripes,Textured applique pumpkin pockets,Ruffle hem,Below-the-knee length,Machine wash; imported,Lil' Pumpkin Collection",30% OFF,Girls Applique Striped Sweater Dress - Lil' Pumpkin,27.97,"1,2,3,4,5,6,7,8,9,10,11,12,13,14,15",(2),"{'colour': 'ORANGE FRECKLE', 'size': ['12-18 M', '18-24 M', '2T', '3T', '4T', '5T', '6', '7', '8', '10', '12']}"
,https://assets.theplace.com/image/upload/w_200/v1/ecom/assets/products/gym/3023011/3023011_32CB.jpg,https://www.gymboree.com/us/p/Girls-Long-Sleeve-Embroidered-Pumpkin-Patch-Sweater-Dress---Lil-Pumpkin-3023011-32CB,30,"The perfect pumpkin patch dress for adventuring through the pumpkin patch! Shop this perfectly-Fall Sweater Dress now.,100% combed cotton,Buttons at back,Features embroidered pumpkin patch,Ribbed neck, cuffs and hem,Shirred cap sleeves,Below-the-knee length,Machine wash; imported,Lil Pumpkin Collection",,Girls Embroidered Sweater Dress - Lil Pumpkin,24.99,"1,2,3,4,5,6,7,8,9,10,11,12,13,14,15",(0),"{'colour': 'BROWN BEAR', 'size': ['12-18 M', '18-24 M', '2T', '3T', '4T', '5T', '6', '7', '8', '10', '12']}"
,https://assets.theplace.com/image/upload/w_200/v1/ecom/assets/products/gym/3014599/3014599_SV.jpg,https://www.gymboree.com/us/p/Girls-Long-Sleeve-Embroidered-Pumpkin-Cardigan---Lil--Pumpkin-3014599-SV,30,"Get ready for crisp fall leaves & a cool breeze in our Lil' Pumpkin Cardigan!,100% combed cotton,Button front,Features embroidered pumpkin patch pockets,Ribbed neck, cuffs and hem,Machine wash; imported,Lil' Pumpkin Collection",30% OFF,Girls Embroidered Cardigan - Lil' Pumpkin,25.87,"1,2,3,4,5,6,7,8,9,10,11,12,13,14,15",(0),"{'colour': 'SNOW', 'size': ['12-18 M', '18-24 M', '2T', '3T', '4T', '5T', '6', '7', '8', '10', '12']}"
,https://assets.theplace.com/image/upload/w_200/v1/ecom/assets/products/gym/3023098/3023098_2150.jpg,https://www.gymboree.com/us/p/Girls-Long-Striped-Sleeve-Embroidered-Halloween-2-In-1-Top---Lil-Pumpkin-3023098-2150,30,"Ready for dressing up and eating lots of yummy candy? So are we! Our embroidered 2 In 1 Top from our Lil Pumpkin Collection is perfect for Fall!,100% ribbed cotton,Features embroidered bat, ghost and cat pumpkin,Short cap sleeves; long sleeves,Allover stripes at long sleeves,Machine wash; imported,Lil Pumpkin Collection",30% OFF,Girls Embroidered Halloween 2 In 1 Top - Lil Pumpkin,18.87,"1,2,3,4,5,6,7,8,9,10,11,12,13,14,15",(0),"{'colour': 'ORANGE FRECKLE', 'size': ['12-18 M', '18-24 M', '2T', '3T', '4T', '5T', '6', '7', '8', '10', '12']}"
,https://assets.theplace.com/image/upload/w_200/v1/ecom/assets/products/gym/3014602/3014602_SV.jpg,https://www.gymboree.com/us/p/Girls-Short-Sleeve-Embroidered-Cat-And-Pumpkin-Top---Lil--Pumpkin-3014602-SV,30,"Pick the perfect pumpkin at the patch in our Lil' Pumpkin Embroidered Top.,100% ribbed cotton,Features embroidered pumpkins and cat,Permanent bow at neck,Puff sleeves,Machine wash; imported,Lil' Pumpkin Collection",30% OFF,Girls Embroidered Cat Top - Lil' Pumpkin,16.07,"1,2,3,4,5,6,7,8,9,10,11,12,13,14,15",(0),"{'colour': 'SNOW', 'size': ['12-18 M', '18-24 M', '2T', '3T', '4T', '5T', '6', '7', '8', '10', '12']}"
,https://assets.theplace.com/image/upload/w_200/v1/ecom/assets/products/gym/3014591/3014591_SV.jpg,https://www.gymboree.com/us/p/Girls-Long-Sleeve-Applique-Pumpkin-Top---Lil--Pumpkin-3014591-SV,30,"Pick the perfect pumpkin at the patch in our Lil' Pumpkin Applique Top.,100% ribbed cotton,Features textured applique pumpkin,Puff sleeves,Machine wash; imported,Lil' Pumpkin Collection",30% OFF,Girls Applique Top - Lil' Pumpkin,17.47,"1,2,3,4,5,6,7,8,9,10,11,12,13,14,15",(0),"{'colour': 'SNOW', 'size': ['12-18 M', '18-24 M', '2T', '3T', '4T', '5T', '6', '7', '8', '10', '12']}"
,https://assets.theplace.com/image/upload/w_200/v1/ecom/assets/products/gym/3014703/3014703_2150.jpg,https://www.gymboree.com/us/p/Girls-Long-Sleeve-Embroidered-Pumpkin-Zip-Up-Hoodie---Pumpkin-Patch-3014703-2150,30,"Get ready for crisp fall leaves & a cool breeze in our Lil' Pumpkin Zip Up Hoodie!,56% cotton/40% polyester/4% spandex fleece,Zip front,Features embroidered pumpkins at patch pockets,Ribbed cuffs and hem,Attached hood,Supersoft fleece interior,Machine wash; imported,Lil' Pumpkin Collection",,Girls Embroidered Zip Up Hoodie - Pumpkin Patch,24.99,"1,2,3,4,5,6,7,8,9,10,11,12,13,14,15",(2),"{'colour': 'ORANGE FRECKLE', 'size': ['12-18 M', '18-24 M', '2T', '3T', '4T', '5T', '6', '7', '8', '10', '12']}"
,https://assets.theplace.com/image/upload/w_200/v1/ecom/assets/products/gym/3023106/3023106_2150.jpg,https://www.gymboree.com/us/p/Girls-Long-Sleeve-Pumpkin-Zip-Up-Hooded-Sweater---Lil-Pumpkin-3023106-2150,30,"Bundle up your favorite little pumpkin in this Lil Pumpkin Zip Up Sweater, made from a soft knit cotton.,100% combed cotton,Zip front,Features pumpkin fairisle and cable knit,Ribbed neck, cuffs and hem,Attached hood,Machine wash; imported,Lil Pumpkin Collection",30% OFF,Girls Zip Up Sweater - Lil Pumpkin,27.97,"1,2,3,4,5,6,7,8,9,10,11,12,13,14,15",(20),"{'colour': 'ORANGE FRECKLE', 'size': ['12-18 M', '18-24 M', '2T', '3T', '4T', '5T', '6', '7', '8', '10', '12']}"
,https://assets.theplace.com/image/upload/w_200/v1/ecom/assets/products/gym/3022984/3022984_01.jpg,https://www.gymboree.com/us/p/Girls-Long-Sleeve-Puppy-Print-Bow-Knit-Peplum-Dress---Dalmatian-Friends-3022984-01,30,"Our Dalmatian Friends Dress is as cute as can be! This Peplum style features a comfy jersey knit fabric, sweet puppy print and hot pink bows.,100% cotton jersey,Buttons at back,Allover print features Dalmatians wearing pink bows,Permanent bow details at shoulders,Shirred cap sleeves,Peplum hem,Unlined,Above-the-knee length,Includes diaper cover made of 100% cotton batiste for sizes 3T and under,Machine wash; imported,Dalmatian Friends Collection",50% OFF,Girls Puppy Peplum Dress - Dalmatian Friends,16.48,"1,2,3,4,5,6,7,8,9,10,11,12,13,14,15",(0),"{'colour': 'BLACK', 'size': ['12-18 M', '18-24 M', '2T', '3T', '4T', '5T', '6', '7', '8', '10', '12']}"
,https://assets.theplace.com/image/upload/w_200/v1/ecom/assets/products/gym/3022985/3022985_328G.jpg,https://www.gymboree.com/us/p/Girls-Bow-Ponte-Knit-Jeggings---Dalmatian-Friends-3022985-328G,30,"Our Bow Jeggings, made from a stretchy ponte knit, are super comfy, easy to wear and perfect to pair with all her Dalmatian Friends tops and Gymboree favorites!,59% cotton/36% polyester/5% spandex,Easy-pull on style,Features permanent bows,Center seam at front,Machine wash; imported,Dalmatian Friends Collection",50% OFF,Girls Bow Ponte Jeggings - Dalmatian Friends,14.48,"1,2,3,4,5,6,7,8,9,10,11,12,13,14,15",(0),"{'colour': 'ROSIE POSIE', 'size': ['12-18 M', '18-24 M', '2T', '3T', '4T', '5T', '6', '7', '8', '10', '12']}"
,https://assets.theplace.com/image/upload/w_200/v1/ecom/assets/products/gym/3029657/3029657_BQ.jpg,https://www.gymboree.com/us/p/Girls-Sleeveless-Spotted-Print-Corduroy-Skirtall-And-Long-Sleeve-Embroidered-Dalmatian-Puppy-Top-Set---Dalmatian-Friends-3029657-BQ,30,"How sweet is this skirtall set from our Dalmatian Friends Collection?! We're loving the spotted print! ,Skirtall made of 98% cotton/2% spandex corduroy,Adjustable button closures at shoulders,Button closures at waist,Features allover Dalmatian spot print,Patch pocket at chest,Above-the-knee length,Includes diaper cover made of 100% cotton batiste for sizes 3T and under,Top made of 100% ribbed cotton,Features embroidered Dalmatian face wearing pink bow,Shirred cap sleeves,Machine wash; imported,Dalmatian Friends Collection",,Girls Corduroy Skirtall And Top Set - Dalmatian Friends,32.45,"1,2,3,4,5,6,7,8,9,10,11,12,13,14,15",(0),"{'colour': 'MULTI CLR', 'size': ['12-18 M', '18-24 M', '2T', '3T', '4T', '5T', '6', '7', '8', '10', '12']}"
,https://assets.theplace.com/image/upload/w_200/v1/ecom/assets/products/gym/3023142/3023142_BQ.jpg,https://www.gymboree.com/us/p/Girls-Long-Sleeve-Babydoll-Top-And-Dalmatian-Puppy-Print-Knit-Leggings-Set---Dalmatian-Friends-3023142-BQ,30,"Get her dressed in a perfectly coordinated outfit in 1, 2, 3! Our Dalmatian Friends Set comes complete with a pink babydoll top and matching puppy print leggings.,Top made of 100% cotton jersey,Features shirred empire waist,Shirred cap sleeves,Leggings made of 94% cotton/6% elastane,Easy-pull on style,Allover print features Dalmatians wearing pink bows,Full length,Machine wash; imported,Dalmatian Friends Collection",50% OFF,Girls Puppy Top And Leggings Set - Dalmatian Friends,19.98,"1,2,3,4,5,6,7,8,9,10,11,12,13,14,15",(2),"{'colour': 'MULTI CLR', 'size': ['12-18 M', '18-24 M', '2T', '3T', '4T', '5T', '6', '7', '8', '10', '12']}"
,https://assets.theplace.com/image/upload/w_200/v1/ecom/assets/products/gym/3023216/3023216_1128.jpg,https://www.gymboree.com/us/p/Girls-Short-Sleeve-Embroidered-Dalmatian-Puppy-Purse-Top---Dalmatian-Friends-3023216-1128,30,"Make way for your mini fashionista! Dress your stylist-in-training in our Dalmatian Friends Top, featuring an embroidered dog purse with pink bow.,100% ribbed cotton,Features embroidered Dalmatian and dog purse,Shirred cap sleeves,Machine wash; imported,Dalmatian Friends Collection",40% OFF,Girls Embroidered Puppy Purse Top - Dalmatian Friends,14.97,"1,2,3,4,5,6,7,8,9,10,11,12,13,14,15",(0),"{'colour': 'SIMPLYWHT', 'size': ['12-18 M', '18-24 M', '2T', '3T', '4T', '5T', '6', '7', '8', '10', '12']}"
,https://assets.theplace.com/image/upload/w_200/v1/ecom/assets/products/gym/3023056/3023056_328G.jpg,https://www.gymboree.com/us/p/Girls-Short-Sleeve-Embroidered-Dalmatian-Puppy-Bow-Top---Dalmatian-Friends-3023056-328G,30,"Sweet bow details, a mama Dalmatian and her pup, plus pops of pink what's not to love about our Dalmatian Friends Bow Top?!,100% ribbed cotton,Features embroidered mom and baby Dalmatians with hearts,Permanent bow details at shoulders,Shirred cap sleeves,Machine wash; imported,Dalmatian Friends Collection",30% OFF,Girls Embroidered Puppy Bow Top - Dalmatian Friends,17.47,"1,2,3,4,5,6,7,8,9,10,11,12,13,14,15",(0),"{'colour': 'ROSIE POSIE', 'size': ['12-18 M', '18-24 M', '2T', '3T', '4T', '5T', '6', '7', '8', '10', '12']}"
,https://assets.theplace.com/image/upload/w_200/v1/ecom/assets/products/gym/3023450/3023450_01.jpg,https://www.gymboree.com/us/p/Girls-Knit-Leggings---Dalmatian-Friends-3023450-01,30,"Long lasting hand-me-down quality, soft cotton fabric and made to wear with all her favorites our Dalmatian Friends Leggings are a must-have!,94% cotton/6% elastane,Easy-pull on style,Full length,Machine wash; imported,Dalmatian Friends Collection",50% OFF,Girls Leggings - Dalmatian Friends,9.98,"1,2,3,4,5,6,7,8,9,10,11,12,13,14,15",(0),"{'colour': 'BLACK', 'size': ['12-18 M', '18-24 M', '2T', '3T', '4T', '5T', '6', '7', '8', '10', '12']}"
