{"_id":{"$oid":"60f9719b3820350a843bb082"},"PRODUCT_BRAND":"Palmers","PRODUCT_AVAILABILITY":"Online Only","PRODUCT_NAME":"Cocoa Butter Skin Therapy Oil by Palmers for Unisex - 5.1 oz Oil","PRODUCT_PRICE":"","PRODUCT_SIZE":"","PRODUCT_DESCRIPTION":"This oil is a multi-purpose, anti-aging skin perfection facial oil that targets aging skin and repairs damage reduces lines and wrinkles. It moisturizes dry patches and lightens dark spots and rejuvenates skin.","IMAGE_URL":"http://cdn.shopify.com/s/files/1/0269/7763/2389/products/I0088392larger_grande.jpg?v=1579130756"}
{"_id":{"$oid":"60f9719b3820350a843bb083"},"PRODUCT_BRAND":"Kiss My Face","PRODUCT_AVAILABILITY":"Online Only","PRODUCT_NAME":"Eyewitness Eye Repair Cream by Kiss My Face for Unisex - 0.5 oz Cream","PRODUCT_PRICE":"13.95","PRODUCT_SIZE":"","PRODUCT_DESCRIPTION":"This cream helps to reduce the appearance of fine lines and wrinkles in the delicate eye area and is blended with shea butter, olive oil and organic aloe, chamomile and eyebright extracts.","IMAGE_URL":"http://cdn.shopify.com/s/files/1/0269/7763/2389/products/I0096175larger_grande.jpg?v=1600978104"}
{"_id":{"$oid":"60f9719b3820350a843bb084"},"PRODUCT_BRAND":"Estee Lauder","PRODUCT_AVAILABILITY":"Online Only","PRODUCT_NAME":"Re-Nutriv Ultimate Lift Rejuvenating Soft Creme by Estee Lauder for Women - 1.7 oz Cream","PRODUCT_PRICE":"220.85","PRODUCT_SIZE":"1.7  oz.","PRODUCT_DESCRIPTION":"This cashmere-soft creme helps skin to re-strengthen its structure for a more lifted, energized, younger look. Radiant and rejuvenated, skin swiftly recovers its look of youthful suppleness and firmness.","IMAGE_URL":"http://cdn.shopify.com/s/files/1/0269/7763/2389/products/W-SC-2843larger_grande.jpg?v=1602016907"}
{"_id":{"$oid":"60f9719b3820350a843bb085"},"PRODUCT_BRAND":"Dermalogica","PRODUCT_AVAILABILITY":"Online Only","PRODUCT_NAME":"Phyto Replenish Oil by Dermalogica for Unisex - 1 oz Oil","PRODUCT_PRICE":"69.95","PRODUCT_SIZE":"","PRODUCT_DESCRIPTION":"This feather-light treatment oil rapidly absorbs to reinforce the skin’s protective barrier. Next-generation formula takes a three-phase approach to replenishing protective lipids that are depleted by aging and environmental stress.","IMAGE_URL":"http://cdn.shopify.com/s/files/1/0269/7763/2389/products/U-SC-5451larger_grande.jpg?v=1600977685"}
