product_url,catagory_hierarchys,product_name,product_brand,image_url,sku,mrp,price,quantity,product_description,product_info,is_sold_out
https://www.bipa.at/neutrogena-norwegische-formel-handcreme/B3-80.html,Home  > Pflege > Körper > Handcreme,Neutrogena Norwegische Formel Handcreme,Neutrogena,https://www.bipa.at/dw/image/v2/AAFT_PRD/on/demandware.static/-/Sites-catalog/de_AT/v1631253600168/original/80.png?sw=250&sfrm=png,80,"2,79",2,50 ml,"Die Neutrogena Handcreme ist eine konzentrierte Handcreme speziell für angegriffene und trockene Hände. Sie hat eine sofortige und langanhaltende Wirkung selbst für extrem beanspruchte Hände. Ein einziger Tropfen genügt - die Formel wirkt sofort beruhigend und schützt sehr angegriffene und trockene Hände. Selbst unter extremsten Bedingungen werden Ihre Hände spürbar sanfter und glatter.
","für angegriffene & trockene Hände,sofortige & langanhaltende Wirkung,50 ml",True
https://www.bipa.at/alufix-jausensaecke/B3-146.html,"Home  > Haushalt > Haushaltsartikel > Alufolie, Backpapier & Co.",ALUFIX Jausensäcke,ALUFIX,https://www.bipa.at/dw/image/v2/AAFT_PRD/on/demandware.static/-/Sites-catalog/de_AT/v1631253600168/original/146.png?sw=250&sfrm=png,146,,1,100 Stück,"Die transparenten, appetitlichen und geschmacksneutralen Jausensäcke von Alufix sind ideal für Schule und Alltag - für den kleinen Snack zwischendurch. ","transparent,geschmacksneutral,100 Stück",True
https://www.bipa.at/tofix-wc-beckenstein-ocean-nachfuellung/B3-40.html,Home  > Haushalt > Putzen & Reinigen > WC-Reiniger & Hygiene,tofix WC Beckenstein Ocean Nachfüllung,tofix,https://www.bipa.at/dw/image/v2/AAFT_PRD/on/demandware.static/-/Sites-catalog/de_AT/v1631253600168/original/40.png?sw=250&sfrm=png,40,"
1,79
",2,3 Stück,Die tofix WC Beckensteine bringen Duft und Frische ins WC-Becken und entfernen außerdem Kalk und Schmutz.,"Kalk- & Schmutzentfernung,Duft & Frische im WC Becken,3 x 40 Gramm",True
https://www.bipa.at/nivea-dry-impact-plus-deo-roll-on/B3-36.html,Home  > Pflege > Hygiene > Deos,NIVEA MEN Dry Impact plus Deo Roll-on,NIVEA,https://www.bipa.at/dw/image/v2/AAFT_PRD/on/demandware.static/-/Sites-catalog/de_AT/v1631253600168/original/36.png?sw=250&sfrm=png,36,,1,50 ml,"NIVEA MEN Dry Impact plus Deo Roll-on mit Anti-Transpirant-Schutz pflegt die Haut sorgt für ein sicheres und trockenes Gefühl den ganzen Tag lang. Ohne Alkohol, Farb- und Konservierungsstoffe. Hautverträglichkeit dermatologisch bestätigt","reguliert die Transpiration,gibt ein angehmes trockenes Gefühl,ohne Alkohol,50 ml",True
https://www.bipa.at/cd-feuchtigkeitscreme/B3-424.html,Home  > Pflege > Körper > Bodylotions & Hautcreme,CD Feuchtigkeitscreme,CD,https://www.bipa.at/dw/image/v2/AAFT_PRD/on/demandware.static/-/Sites-catalog/de_AT/v1631253600168/original/424.png?sw=250&sfrm=png,424,"
6,99
",3,200 ml,"Die CD Feuchtigkeitscreme verwöhnt die Haut mit intensiver Feuchtigkeit. Angereichert mit wertvollen Wasserlilien-Extrakten, bewahrt die Creme die Haut vor dem Austrocknen und verleiht ihr sofort ein geschmeidig-zartes Gefühl. Die milde Cremeformel lässt sich leicht verteilen, zieht schnell ein und ist auch für die Pflege empfindlicher Haut gut geeignet. Die Hautverträglichkeit ist dermatologisch bestätigt.","für empfindliche Haut,mit Wasserlilien-Extrakt,Hautverträglichkeit dermatologisch bestätigt,200 ml",True
https://www.bipa.at/nivea-deo-roll-on-dry-comfort-feminin/B3-37.html,Home  > Pflege > Hygiene > Deos,NIVEA Deo Roll-On Dry Comfort feminin,NIVEA,https://www.bipa.at/dw/image/v2/AAFT_PRD/on/demandware.static/-/Sites-catalog/de_AT/v1631253600168/original/37.png?sw=250&sfrm=png,37,,1,50 ml,"NIVEA Deo Roll-On Dry Comfort feminin bietet 24h Anti-Transpirant-Schutz mit einem milden Duft. Die wirksame Formel mit Mineralien reguliert die Transpiration und gibt so ein angenehm trockenes Hautgefühl. Das Deo enthält keinen Alkohol.
","24h Schutz,milder Duft,ohne Alkohol,50 ml",True
https://www.bipa.at/nivea-deo-creme-dry-comfort-feminin/B3-39.html,Home  > Pflege > Hygiene > Deos,NIVEA Deo Creme Dry Comfort feminin,NIVEA,https://www.bipa.at/dw/image/v2/AAFT_PRD/on/demandware.static/-/Sites-catalog/de_AT/v1631253600168/original/39.png?sw=250&sfrm=png,39,,4,75 ml,"NIVEA Deo Creme Dry Comfort feminin bietet 24h Anti-Transpirant-Schutz mit einem milden Duft. Die wirksame Formel mit Mineralien reguliert die Transpiration und gibt so ein angenehm trockenes Hautgefühl. Das Deo enthält keinen Alkohol.
","24h Schutz,milder Duft,ohne Alkohol,75 ml",True
https://www.bipa.at/dove-beauty-cream-bar/B3-1111.html,Home  > Pflege > Hygiene > Seifen,Dove Beauty Cream Bar,Dove,https://www.bipa.at/dw/image/v2/AAFT_PRD/on/demandware.static/-/Sites-catalog/de_AT/v1631253600168/original/1111.png?sw=250&sfrm=png,1111,,1,100 g,"Anders als herkömmliche Seifen trocknet Dove Beauty Cream Bar die Haut nicht aus, da es neben neutralen Reinigungssubstanzen zu einem Viertel aus Feuchtigkeitscreme besteht. Das milde Waschstück ist pH-neutral und außerdem auch zur Gesichtsreinigung gut geeignet.","mit 1/4 Feuchtigkeitscreme,pH-neutral,mild",True
https://www.bipa.at/hirsch-terpentinseife/B3-531.html,Home  > Haushalt > Waschen > Pflege & Waschzubehör,Hirsch Terpentinseife,Hirsch,https://www.bipa.at/dw/image/v2/AAFT_PRD/on/demandware.static/-/Sites-catalog/de_AT/v1631253600168/original/531.png?sw=250&sfrm=png,531,"1,99",1,300 g,"Die gute, reine Hirsch Terpentinseife ist für Wäsche und Haushalt geeignet. Sie ist von hoher Reinheit, denn sie besteht nahezu ausschließlich aus natürlichen Stoffen.","für Wäsche & Haushalt,ausschließlich aus natürlichen Stoffen,2 x 150 Gramm",True
https://www.bipa.at/k2r-backofenreiniger/B3-593.html,Home  > Haushalt > Putzen & Reinigen > Küchenreiniger,K2R Backofenreiniger,K2R,https://www.bipa.at/dw/image/v2/AAFT_PRD/on/demandware.static/-/Sites-catalog/de_AT/v1631253600168/original/593.png?sw=250&sfrm=png,593,"3,99",2,300 ml,"Der K2R Backofenreiniger reinigt einfach und zuverlässig. Einfach aussprühen, einwirken lassen und feucht abwischen.","gründlich & zuverlässig,einfachste Handhabung,300 ml",True
https://www.bipa.at/frolic-rind--karotten-und-getreide/B3-535.html,Home  > Tier > Hund > Hundefutter,"Frolic Rind, Karotten & Getreide",Frolic,https://www.bipa.at/dw/image/v2/AAFT_PRD/on/demandware.static/-/Sites-catalog/de_AT/v1631253600168/original/535.png?sw=250&sfrm=png,535,,4,1.5 kg,"FROLIC mit Rind, Karotten & Getreide ist eine ausgewogene, saftige Hauptmahlzeit mit der richtigen Mischung aus Fleisch, Vitaminen, Mineral- und Ballaststoffen. Mit jedem Ringo wird die Vitalität, Gesundheit und eine gute Verdauung angeregt.","mit frischem Fleisch,100% ausgewogene Hundenahrung,ohne Geschmacksverstärker oder künstliche Geschmacksstoffe",True
https://www.bipa.at/senta-star-slipeinlagen/B3-647.html,Home  > Pflege > Hygiene > Damenhygiene > Slipeinlagen,Senta STAR Slipeinlagen,Senta,https://www.bipa.at/dw/image/v2/AAFT_PRD/on/demandware.static/-/Sites-catalog/de_AT/v1631253600168/original/647.png?sw=250&sfrm=png,647,"
7,49
 ",1,30 Stück,"Die Senta STAR Slipeinlage besitzt anschmiegsame, besonders weiche Saugkissen und eine textilartige, hautfreundliche Vliesoberfläche. Im Slip ist sie daher kaum zu spüren – für ein angenehmes, bequemes Tragegefühl.
","weiche Saugkissen,hautfreundliche Vliesoberfläche,angenehmes & bequemes Tragegefühl,30 Stück",True
https://www.bipa.at/toppits-backpapier-in-boegen/B3-1506.html,"Home  > Haushalt > Haushaltsartikel > Alufolie, Backpapier & Co.",Toppits Backpapier in Bögen,Toppits,https://www.bipa.at/dw/image/v2/AAFT_PRD/on/demandware.static/-/Sites-catalog/de_AT/v1631253600168/original/1506.png?sw=250&sfrm=png,1506,,1,14 Stück,"Kein Anbacken mit einzeln entnehmbaren Back-Bögen. Rausnehmen, auflegen, losbacken: Die Bögen sind in der passenden Backblech-Größe vorgeschnitten. Dank der bewährten Antihaft-Struktur klebt nichts an und das fertige Gebäck gleitet leichter vom Backblech. Einfach echte Backhelfer! Nicht nur im Ofen, sondern auch in Sandwichmakern können die Backpapier Bögen von Toppits® deshalb zur Anwendung kommen. Das bedeutet, dass man mit weniger Fett und bei geringerem Putzaufwand noch höheren Genüssen nachgehen kann! FSC® C105549 zertifiziert.","Antihaft-Struktur,einzel entnehmbare Bögen,Beidseitig verwendbar,kein Durchfetten,Ungebleicht & Kompostierbar",True
https://www.bipa.at/gloria-watte/B3-642.html,Home  > Pflege > Gesicht > Wattepads & Stäbchen,Gloria Watte,Gloria,https://www.bipa.at/dw/image/v2/AAFT_PRD/on/demandware.static/-/Sites-catalog/de_AT/v1631253600168/original/642.png?sw=250&sfrm=png,642,"
1,49
",1,200 g,"Gloria Watte ist eine besonders hautfreundliche, gelegte Zick-Zack-Watte zur täglichen Hygiene und Intimpflege, zum Auftragen und Entfernen von Make-up und zum Reinigen und Pflegen von zarter Babyhaut. ","besonders hautfreundlich,zur täglichen Hygiene & Intimpflege,zum Reiniegn, Pflegen und Entfernen,200 Gramm",True
https://www.bipa.at/elmex-sensitive-plus-zahnpasta/B3-1213.html,Home  > Pflege > Mund- & Zahnpflege > Zahnpasta,elmex SENSITIVE PLUS Zahnpasta,elmex,https://www.bipa.at/dw/image/v2/AAFT_PRD/on/demandware.static/-/Sites-catalog/de_AT/v1631253600168/original/1213.png?sw=250&sfrm=png,1213,,3,75 ml,"Die elmex Sensitive Zahnpasta ist ideal geeignet zur besonderen Pflege und zum Schutz schmerzempfindlicher Zähne und freiliegender Zahnhälse. Sie enthält hochwirksames Aminfluorid. Dieses bildet einen Schutzfilm gegen schmerzhafte Reize (wie heiß, kalt, süß, sauer oder Berührung) und vor Zahnhalskaries.","schützt für schmerzempfindliche Zähne,schützt vor Zahnhalskaries,75 ml",True
https://www.bipa.at/vandal-mottenhaenger/B3-1485.html,Home  > Haushalt > Pflanzen & Insekten > Schädlingsbekämpfung,VANDAL Mottenhänger,VANDAL,https://www.bipa.at/dw/image/v2/AAFT_PRD/on/demandware.static/-/Sites-catalog/de_AT/v1631253600168/original/1485.png?sw=250&sfrm=png,1485,"4,49",3,2 Stück,"VANDAL Mottenhänger sind wirkstoffgetränkte Papierstreifen, die Mäntel, Pelze und Kleider sicher und wirksam vor Motten, sowie Teppiche vor Teppich- und Soeckkäfern schützen.","wirkstoffgetränkte Papierstreifen,2 Stück",True
https://www.bipa.at/schwarzkopf-anti-fett-shampoo-7-kraeuter/B3-2016.html,Home  > Haar > Pflege > Shampoos,Schwarzkopf GLEM vital Anti-Fett Shampoo 7 Kräuter,Schwarzkopf,https://www.bipa.at/dw/image/v2/AAFT_PRD/on/demandware.static/-/Sites-catalog/de_AT/v1631253600168/original/2016.png?sw=250&sfrm=png,2016,,2,350 ml,Schwarzkopf GLEM vital Anti-Fett Shampoo 7 Kräuter verzögert die Folgen des vorzeitigen Nachfettens des Haares und schenkt ihm lockere Fülle. Die Kopfhaut wird dabei besonders geschont. Das Haar wirkt vitalisiert und erhält neues Volumen. Zusätzlich wird die Haarstruktur geglättet und vom Ansatz bis in die Spitzen gekräftigt. Dieses Produkt ist speziell für fettendes Haar entwickelt worden.,"vitalisiert das Haar,gegen fettendes Haar,glättet die Haarstruktur,schont die Kopfhaut,350 ml",True
https://www.bipa.at/schwarzkopf-frische-shampoo-brennnessel-x/B3-2018.html,Home  > Haar > Pflege > Shampoos,Schwarzkopf GLEM vital Frische Shampoo Brennnessel,Schwarzkopf,https://www.bipa.at/dw/image/v2/AAFT_PRD/on/demandware.static/-/Sites-catalog/de_AT/v1631253600168/original/2018.png?sw=250&sfrm=png,2018,,2,350 ml,"Schwarzkopf GLEM vital Frische Shampoo Brennnessel-Extrakt erfrischt das Haar und die Kopfhaut für bis zu 48h und gibt ihm zusätzlich Volumen. Das Frische Shampoo verzögert die Folgen des Nachfettens des Haares und schenkt ihm lockere Fülle. Die Haarstruktur wird besonders gepflegt und geglättet und wird vom Ansatz bis in die Spitzen gekräftigt. Dieses Produkt ist speziell auf die Bedürfnisse von schnell fettendem oder volumenbedürftigem Haar entwickelt worden.
","für volumenbedürftiges Haar,gegen fettendes Haar,glättet die Haarstruktur,zusätzlich Volumen,350 ml",True
https://www.bipa.at/schwarzkopf-pflege-shampoo-weizen-und-colorin/B3-2013.html,Home  > Haar > Pflege > Shampoos,Schwarzkopf GLEM vital Pflege Shampoo Weizen & Colorin,Schwarzkopf,https://www.bipa.at/dw/image/v2/AAFT_PRD/on/demandware.static/-/Sites-catalog/de_AT/v1631253600168/original/2013.png?sw=250&sfrm=png,2013,,2,350 ml,"Schwarzkopf GLEM vital Pflege Shampoo mit Weizen & Colorin® pflegt coloriertes Haar und sorgt für länger anhaltende Farbbrillanz. Das pflegende Weizenprotein schenkt strapaziertem Haar neue Geschmeidigkeit und es erhält intensiven Farbglanz, mehr Kraft, mehr Fülle. Die Haarstruktur wird sichtbar geglättet und gepflegt und vom Ansatz bis in die Spitzen gekräftigt. Dank der besonderen Formel mit Intensiv-Pflege Vitamin dringen die Wirkstoffe tief in das Haar ein. Für 100% kräftiges und 100% glänzendes Haar. Dieses Produkt wurde speziell für strapaziertes und coloriertes Haar entwickelt. ","100% kräftiges Haar,enthält Weizen & Colorin,für strapaziertes & coloriertes Haar,glättet und pflegt die Haarstruktur,350 ml",True
https://www.bipa.at/alufix-butterbrotpapier/B3-1851.html,"Home  > Haushalt > Haushaltsartikel > Alufolie, Backpapier & Co.",ALUFIX Butterbrotpapier,ALUFIX,https://www.bipa.at/dw/image/v2/AAFT_PRD/on/demandware.static/-/Sites-catalog/de_AT/v1631253600168/original/1851.png?sw=250&sfrm=png,1851,,1,30 m,"ALUFIX Butterbrotpapier ist universell einsetzbar und eignet sich zum Verpacken von Lebensmitteln aller Art. In Butterbrotpapier eingepackte Snacks sind unterwegs gut geschützt und vor allem Käse, Wurst und Brot bleiben in Alufix Butterbrotpapier länger genießbar. ","universell einsetzbar,30 Meter",True
https://www.bipa.at/ajona-stomaticum-zahncreme/B3-1969.html,Home  > Pflege > Mund- & Zahnpflege > Zahnpasta,AJONA Stomaticum Zahncreme,AJONA,https://www.bipa.at/dw/image/v2/AAFT_PRD/on/demandware.static/-/Sites-catalog/de_AT/v1631253600168/original/1969.png?sw=250&sfrm=png,1969,,1,25 ml,"Die AJONA Stomaticum Zahncreme ist ein medizinisches Zahncremekonzentrat für die tägliche Mundpflege. Durch die hochwertige Rezeptur wirkt die Zahncreme mit vielen natürlichen Inhaltsstoffen antibakteriell. Sie beseitigt Bakterien, die Karies, Zahnfleischentzündungen und Mundgeruch hervorrufen.","zur täglichen Zahnpflege,wirkt antibakteriell,mit natürlichen Inhaltsstoffen,25 ml",True
https://www.bipa.at/schwarzkopf-anti-schuppen-shampoo-ringelblume/B3-2015.html,Home  > Haar > Pflege > Shampoos,Schwarzkopf GLEM vital Anti-Schuppen Shampoo Ringelblume,Schwarzkopf,https://www.bipa.at/dw/image/v2/AAFT_PRD/on/demandware.static/-/Sites-catalog/de_AT/v1631253600168/original/2015.png?sw=250&sfrm=png,2015,,2,350 ml,Schwarzkopf GLEM vital Anti-Schuppen Shampoo mit Ringelblumenextrakt und Zink-Pyrithion bekämpft Schuppen bereits ab der 1. Anwendung und beugt einer Schuppenneubildung bis zu 6 Wochen effektiv vor. Reinigt und beruhigt die Kopfhaut und hilft das natürliche Gleichgewicht wieder herzustellen. Dank der besonderen Formel mit Intensiv-Pflege Vitamin dringen die Wirkstoffe tief in das Haar ein. Dieses Produkt wurde speziell gegen Schuppen entwickelt.,"hilft ab der 1. Anwendung,enthält Ringelblume,gegen Schuppen und gereizte Kopfhaut,besonders schonend,350 ml",True
https://www.bipa.at/schwarzkopf-mild-shampoo-kamille/B3-2019.html,Home  > Haar > Pflege > Shampoos,Schwarzkopf GLEM vital Mild Shampoo Kamille,Schwarzkopf,https://www.bipa.at/dw/image/v2/AAFT_PRD/on/demandware.static/-/Sites-catalog/de_AT/v1631253600168/original/2019.png?sw=250&sfrm=png,2019,,2,350 ml,Schwarzkopf GLEM vital Mild Shampoo mit Kamillenextrakt ist besonders mild und pflegt das Haar extra sanft. Es verleiht feinem Haar Volumen und Glanz. Die Kopfhaut wird dabei besonders geschont und das Haar gleichzeitig vitalisiert. Die Haarstruktur wird geglättet und gepflegt und vom Ansatz bis in die Spitzen gekräftigt. Dieses Produkt wurde speziell auf die Bedürfnisse von feinem Haar abgestimmt. ,"verleiht Volumen & Glanz,enthält Kamille,für feines Haar,glättet die Haarstruktur,350 ml",True
https://www.bipa.at/schwarzkopf-hair-repair-glanz-tonic/B3-2292.html,Home  > Haar > Pflege > Haartonic,Schwarzkopf GLISS KUR Hair Repair Glanz Tonic,Schwarzkopf,https://www.bipa.at/dw/image/v2/AAFT_PRD/on/demandware.static/-/Sites-catalog/de_AT/v1631253600168/original/2292.png?sw=250&sfrm=png,2292,"4,49",3,100 ml,"Schwarzkopf GLISS KUR Hair Repair Glanz Tonic pflegt das Haar wirksam – ohne es zu beschweren. Brillanter Glanz, fühlbare Geschmeidigkeit & Pflege für trockenes und strapaziertes Haar. ","für trockenes & strapaziertes Haar,fühlbar mehr Geschmeidigkeit,brillanter Glanz,pflegt das Haar wirksam,100 ml",True
https://www.bipa.at/colgate-plax-soft-mint-mundspuelung/B3-2132.html,Home  > Pflege > Mund- & Zahnpflege > Mundspülungen,Colgate Plax Soft Mint Mundspülung,Colgate,https://www.bipa.at/dw/image/v2/AAFT_PRD/on/demandware.static/-/Sites-catalog/de_AT/v1631253600168/original/2132.png?sw=250&sfrm=png,2132,,3,500 ml,"Den echten Komplettschutz zwischen dem Zähneputzen gibt es mit Colgate Plax Komplettschutz Soft Mint Mundspülung. 12 Stunden lang bekämpft es Bakterien und Plaque effektiv, bietet gleichzeitig Schutz vor Karies. Das Zahnfleisch wird gestärkt und der Mintgeschmack sorgt für lang anhaltende Frische im Mund.","bekämpft Bakterien & Plaque,sorgt für Rund-um-Schutz,stärkt & schützt das Zahnfleisch,mit Mintgeschmack gegen Mundgeruch,500 ml",True
https://www.bipa.at/tofix-wc-beckenstein-ocean/B3-2476.html,Home  > Haushalt > Putzen & Reinigen > WC-Reiniger & Hygiene,tofix WC Beckenstein Ocean,tofix,https://www.bipa.at/dw/image/v2/AAFT_PRD/on/demandware.static/-/Sites-catalog/de_AT/v1631253600168/original/2476.png?sw=250&sfrm=png,2476,"
1,79
",1,1 Stück,Die tofix Wc Beckensteine bringen Duft und Frische ins WC-Becken und entfernen außerdem Kalk und Schmutz.,"Kalk- & Schmutzentfernung,Duft & Frische im WC Becken,Original Packung",True
https://www.bipa.at/ingrubar-haarpflegeshampoo/B3-2162.html,Home  > Haar > Pflege > Shampoos,INGRUBAR Haarpflegeshampoo,INGRUBAR,https://www.bipa.at/dw/image/v2/AAFT_PRD/on/demandware.static/-/Sites-catalog/de_AT/v1631253600168/original/2162.png?sw=250&sfrm=png,2162,,8,250 ml,"INGRUBAR Haarpflegeshampoo enthält sorgfältig aufeinander abgestimmte Kräuterextrakte und sehr milde Tenside aus pflanzlichen Rohstoffen, wodurch Kopfhaut und Haare besonders schonend gereinigt werden. Zusätze, die unter anderem aus Palmkernöl gewonnen werden, spenden die nötige Feuchtigkeit und verleihen dem Haar Halt und Glanz.","besonders mild & hautverträglich,wirkt gegen Schuppen,silikonfrei & ohne Konservierungsstoffe,250 ml",True
https://www.bipa.at/ingrubar-haarverdichter/B3-2163.html,Home  > Haar > Pflege > Haarmasken & Kuren,INGRUBAR Haarverdichter,INGRUBAR,https://www.bipa.at/dw/image/v2/AAFT_PRD/on/demandware.static/-/Sites-catalog/de_AT/v1631253600168/original/2163.png?sw=250&sfrm=png,2163,"
5,00
",33,250 ml,"INGRUBAR Haarverdichter mit einer Wirkstoffkombination aus Pflanzenextrakten, Aminosäuren und Vitaminen ist besonders wirkungsvoll zur Erhaltung und Pflege von gesundem Haar. Weiters aktiviert es die Kopfhaut und verlängert somit die Wachstumsphase des Haars, wodurch erblich bedingter Haarausfall gestoppt wird.","kräftigt die Haarstruktur,aktiviert die Haarwurzeln,ohne Hormone & Konservierungsstoffe,wirkt gegen Schuppen,250 ml",True
https://www.bipa.at/schwarzkopf-hair-repair-total-repair-shampoo/B3-2255.html,Home  > Haar > Pflege > Shampoos,Schwarzkopf GLISS KUR Hair Repair Total Repair Shampoo,Schwarzkopf,https://www.bipa.at/dw/image/v2/AAFT_PRD/on/demandware.static/-/Sites-catalog/de_AT/v1631253600168/original/2255.png?sw=250&sfrm=png,2255,"3,19",2,250 ml,"Schwarzkopf GLISS KUR Hair Repair Total Repair Shampoo enthält die Repair-Formel mit 19 Wirkstoffe. Das Haar wird tiefenwirksam repariert – ohne es zu beschweren. Das Cell Repair System mit haaridentischem Protein repariert zielgenau in der Haarzelle. Dank der besonderen Formel mit Intensiv-Pflege Vitamin dringen die Wirkstoffe tief in das Haar ein. Für 100% kräftiges und 100% glänzendes Haar. Haarbruch wird bis zu 90% reduziert und ist für die tägliche Anwendung geeignet. Das Haar erstrahlt in gesundem Glanz und erhält mehr Widerstandskraft. Dieses Produkt ist speziell für trockenes, strapaziertes Haar entwickelt worden. Ergänzende Pflegeprodukte: Total Repair Spülung, Anti-Haarbruch-Kur","100% kräftiges Haar,für trockenes & strapaziertes Haar,90% weniger Haarbruch,tägliche Anwendung empfohlen,250 ml",True
https://www.bipa.at/loctite-superkleber-power-gel/B3-2536.html,Home  > Haushalt > Haushaltsartikel > Büromaterial,LOCTITE Superkleber Power Gel,LOCTITE,https://www.bipa.at/dw/image/v2/AAFT_PRD/on/demandware.static/-/Sites-catalog/de_AT/v1631253600168/original/2536.png?sw=250&sfrm=png,2536,,4,3 g,Das hochwirksame  ist ein wahres Multitalent für Klebearbeiten. Die flüssige Formulierung klebt in Sekunden die meisten Oberflächen und hält dabei schweren Belastungen stand. Darüber hinaus eignet sich das Power Gel hervorragend für senkrechte Flächen und trocknet transparent.,"klebt Materialien in wenigen Sekunden,extra stark & lösemittelfrei,flüssige Textur,trocknet schnell & transparent,geeignet für die meisten Flächen",True
