{"_id":{"$oid":"610911dee667e56a7754116c"},"PRODUCT_BRAND":"ASICS","PRODUCT_NAME":"GEL-Kayano® 27","PRODUCT_PRICE":"119.95","PRODUCT_DISCOUNT":"25% OFF","PRODUCT_MSRP":"160.00","AVAILABLE_COLOURS":["Black/Black","Black/Pink Glow","Black/Pure Silver","French Blue/Champagne","Mako Blue/Hot Pink","Pink Salt/Pure Silver","Sheet Rock/Pure Silver","Techno Cyan/Sunrise Red","White/Pure Silver","White/White"],"PRODUCT_REVIEWS":"","PRODUCT_IMAGE":"https://m.media-amazon.com/images/I/81IepUiciAL._AC_SR700,525_.jpg","PRODUCT_DESCRIPTION":"The superior shock absorption, excellent support, and smooth ride of the ASICS® GEL-Kayano® 27 running shoe takes your performance to the next level. SKU: #9400280Click   to learn more about the ASICS Kayano legacy.Predecessor: Gel-Kayano 26.Support Type: Overpronation/Stability. Cushioning: High energizing cushioning. Surface: Road.Differential: 10 mm.Heel/ Toe: 23 mm/13 mm.Jacquard mesh upper with synthetic reinforcements adapts to the foot, providing an exceptional fit. Traditional lace-up closure for a secure, comfortable fit. Reflective detailing so you are easily visible in low lighting areas. Plush tongue and collar. Breathable fabric lining.Supportive EVA sockliner offers excellent rebound and underfoot cushioning. I.G.S® employs linked componentry to enhance the foot's natural gait from heel strike through toe-off.Rearfoot and forefoot GEL® cushioning systems attenuate impacting shock and allow for a smooth transition to midstance.Dynamic DuoMax® Support System boosts stability and supports without the added weight.FLYTEFOAM™ Propel technology promotes a lighter weight and build for even better breathability while you're in motion.Heel clutch technology features an exoskeletal heel counter that provides improved support and creates an improved heel-fitting environment.Molded AHAR® rubber outsole material is strategically placed in high-wear areas.Guidance Trusstic System® integrates Guidance Line construction to enhance gait efficiency and promote mid-foot structural integrity.SpEVA® 45 lasting. Imported.Weight of footwear is based on a single item, not a pair."}
{"_id":{"$oid":"610911dfe667e56a7754116d"},"PRODUCT_BRAND":"ASICS","PRODUCT_NAME":"GEL-Kayano® 27","PRODUCT_PRICE":"119.95","PRODUCT_DISCOUNT":"25% OFF","PRODUCT_MSRP":"160.00","AVAILABLE_COLOURS":["Black/Black","Black/Pink Glow","Black/Pure Silver","French Blue/Champagne","Mako Blue/Hot Pink","Pink Salt/Pure Silver","Sheet Rock/Pure Silver","Techno Cyan/Sunrise Red","White/Pure Silver","White/White"],"PRODUCT_REVIEWS":"","PRODUCT_IMAGE":"https://m.media-amazon.com/images/I/81KHZGNKX4L._AC_SR700,525_.jpg","PRODUCT_DESCRIPTION":"The superior shock absorption, excellent support, and smooth ride of the ASICS® GEL-Kayano® 27 running shoe takes your performance to the next level. SKU: #9400280Click   to learn more about the ASICS Kayano legacy.Predecessor: Gel-Kayano 26.Support Type: Overpronation/Stability. Cushioning: High energizing cushioning. Surface: Road.Differential: 10 mm.Heel/ Toe: 23 mm/13 mm.Jacquard mesh upper with synthetic reinforcements adapts to the foot, providing an exceptional fit. Traditional lace-up closure for a secure, comfortable fit. Reflective detailing so you are easily visible in low lighting areas. Plush tongue and collar. Breathable fabric lining.Supportive EVA sockliner offers excellent rebound and underfoot cushioning. I.G.S® employs linked componentry to enhance the foot's natural gait from heel strike through toe-off.Rearfoot and forefoot GEL® cushioning systems attenuate impacting shock and allow for a smooth transition to midstance.Dynamic DuoMax® Support System boosts stability and supports without the added weight.FLYTEFOAM™ Propel technology promotes a lighter weight and build for even better breathability while you're in motion.Heel clutch technology features an exoskeletal heel counter that provides improved support and creates an improved heel-fitting environment.Molded AHAR® rubber outsole material is strategically placed in high-wear areas.Guidance Trusstic System® integrates Guidance Line construction to enhance gait efficiency and promote mid-foot structural integrity.SpEVA® 45 lasting. Imported.Weight of footwear is based on a single item, not a pair."}
{"_id":{"$oid":"610911e0e667e56a7754116e"},"PRODUCT_BRAND":"ASICS","PRODUCT_NAME":"GEL-Kayano® 27","PRODUCT_PRICE":"119.95","PRODUCT_DISCOUNT":"25% OFF","PRODUCT_MSRP":"160.00","AVAILABLE_COLOURS":["Black/Black","Black/Pink Glow","Black/Pure Silver","French Blue/Champagne","Mako Blue/Hot Pink","Pink Salt/Pure Silver","Sheet Rock/Pure Silver","Techno Cyan/Sunrise Red","White/Pure Silver","White/White"],"PRODUCT_REVIEWS":"","PRODUCT_IMAGE":"https://m.media-amazon.com/images/I/81cbr2iaCWL._AC_SR700,525_.jpg","PRODUCT_DESCRIPTION":"The superior shock absorption, excellent support, and smooth ride of the ASICS® GEL-Kayano® 27 running shoe takes your performance to the next level. SKU: #9400280Click   to learn more about the ASICS Kayano legacy.Predecessor: Gel-Kayano 26.Support Type: Overpronation/Stability. Cushioning: High energizing cushioning. Surface: Road.Differential: 10 mm.Heel/ Toe: 23 mm/13 mm.Jacquard mesh upper with synthetic reinforcements adapts to the foot, providing an exceptional fit. Traditional lace-up closure for a secure, comfortable fit. Reflective detailing so you are easily visible in low lighting areas. Plush tongue and collar. Breathable fabric lining.Supportive EVA sockliner offers excellent rebound and underfoot cushioning. I.G.S® employs linked componentry to enhance the foot's natural gait from heel strike through toe-off.Rearfoot and forefoot GEL® cushioning systems attenuate impacting shock and allow for a smooth transition to midstance.Dynamic DuoMax® Support System boosts stability and supports without the added weight.FLYTEFOAM™ Propel technology promotes a lighter weight and build for even better breathability while you're in motion.Heel clutch technology features an exoskeletal heel counter that provides improved support and creates an improved heel-fitting environment.Molded AHAR® rubber outsole material is strategically placed in high-wear areas.Guidance Trusstic System® integrates Guidance Line construction to enhance gait efficiency and promote mid-foot structural integrity.SpEVA® 45 lasting. Imported.Weight of footwear is based on a single item, not a pair."}
{"_id":{"$oid":"610911e0e667e56a7754116f"},"PRODUCT_BRAND":"ASICS","PRODUCT_NAME":"GEL-Cumulus® 22","PRODUCT_PRICE":"109.95","PRODUCT_DISCOUNT":"8% OFF","PRODUCT_MSRP":"120.00","AVAILABLE_COLOURS":["Black/Pink Glo","Black/White","Breeze/Black","Piedmont Grey/White"],"PRODUCT_REVIEWS":"656 Reviews","PRODUCT_IMAGE":"https://m.media-amazon.com/images/I/81S31agc5fL._AC_SR700,525_.jpg","PRODUCT_DESCRIPTION":"Neutral runners will love the all-new minimalistic upper and even softer FLYTEFOAM® technology for an unbelievable fit and feel right out of the box and well into your 400th mile!SKU: #9399689Predecessor: Gel-Cumulus 21.Support Type: Neutral.Cushioning: High energizing cushioning.Surface: Road.Differential: 10 mm.Heel/Toe: 23 mm/13 mm.3D PRINT UPPER increases forefoot support and comfort.ENGINEERED MESH UPPER improves ventilation and stability.Lace-up closure with discrete eyelets that disburse lace tension for optimal comfort. REFLECTIVITY enhances visibility in low-light conditions.Padded tongue and collar. Soft textile lining for added breathability. ORTHOLITE® X-40 SOCKLINER provides better rebound and breathability.I.G.S® employs linked componentry to enhance the foot's natural gait from heel strike through toe-off.FLYTEFOAM® PROPEL TECHNOLOGY provides supreme bounce.FLYTEFOAM® MIDSOLE TECHNOLOGY creates improved responsiveness.SpevaFoam™ 45 Lasting features a 45-degree, full-length lasting material for a soft platform feel and improved comfort.REARFOOT AND FOREFOOT GEL® TECHNOLOGY CUSHIONING SYSTEM attenuates shock and allows movement through the gait cycle.AGAR SPONGE delivers a plush ride and lightweight flexibility.GUIDANCE LINE® MIDSOLE TECHNOLOGY improves gait efficiency.AHAR® OUTSOLE delivers an outsole with exceptional durability.Imported. Product measurements were taken using size 9, width B - Medium. Please note that measurements may vary by size.Weight of footwear is based on a single item, not a pair.Measurements:\n\n"}
{"_id":{"$oid":"610911e0e667e56a77541170"},"PRODUCT_BRAND":"ASICS","PRODUCT_NAME":"GEL-Contend® 7","PRODUCT_PRICE":"49.95","PRODUCT_DISCOUNT":"23% OFF","PRODUCT_MSRP":"65.00","AVAILABLE_COLOURS":["Aqua Angel/White","Black/Carrier Grey","Black/Hot Pink","Black/Lilac Opal","French Blue/Champagne","French Blue/Fresh Ice","Graphite Grey/Silver Aqua","Midnight Blue/Hot Pink","Sheet Rock/Pink Salt","White/Mist","White/Silver Grape"],"PRODUCT_REVIEWS":"","PRODUCT_IMAGE":"https://m.media-amazon.com/images/I/71S6powyKTL._AC_SR700,525_.jpg","PRODUCT_DESCRIPTION":"The ASICS® GEL-Contend® 7 running shoes have a versatile, lightweight construction with all the durability, long-lasting support, and stability you need for a full day of running, commuting to work, and simply for everyday wear. SKU: #9462706Predecessor: GEL-Contend 6. Support Type: Neutral to underpronation.Cushioning: Lightweight, flexible response.Surface: Road. Differential: 10 mm. Heel/Toe: 22 mm/12 mm.Built for the low-mileage runner looking for a versatile, everyday shoe. Breathable mesh and synthetic upper materials. Laminate mid-foot cage provides structural support. Lace-up closure. Soft heel collar feels like silk against the skin.Rubber toe guard for added front foot protection. Internal heel counter provides added stability so your foot feels secure. Breathable fabric lining offers a great in-shoe feel. Ortholite® sockliner provides excellent underfoot support, comfort, and moisture management.AmpliFoam™ midsole is engineered to maintain durability at softer densities, providing better flexibility, comfort, and platform adaptability ideal for natural running.Rearfoot GEL® cushioning system attenuates impacting shock, allowing for a smooth transition throughout the gait cycle. Durable rubber outsole delivers reliable grip.Imported. Product measurements were taken using size 7, width B - Medium. Please note that measurements may vary by size.Weight of footwear is based on a single item, not a pair.Measurements:\n\n"}
{"_id":{"$oid":"610911e0e667e56a77541171"},"PRODUCT_BRAND":"ASICS","PRODUCT_NAME":"GT-2000 9","PRODUCT_PRICE":"119.95","PRODUCT_DISCOUNT":"","PRODUCT_MSRP":"","AVAILABLE_COLOURS":["Black/Black","Black/Pure Silver","Black/Techno Cyan","Black/White","French Blue/White","Graphite Grey/Black","Light Steel/Magnetic Blue","Mako Blue/Grey Floss","Piedmont Grey/Aqua Angel","Piedmont Grey/Digital Grape","White/Pink Salt"],"PRODUCT_REVIEWS":"","PRODUCT_IMAGE":"https://m.media-amazon.com/images/I/81RiwcMhu-L._AC_SR700,525_.jpg","PRODUCT_DESCRIPTION":"The ASICS® GT-2000 9 running shoes keep you support and comfortable through easy and long-distance runs.SKU: #9434351Predecessor: GT-2000 8. Support Type: Overpronation/Stability. Cushioning: High energizing cushioning/Lightweight, flexible response. Surface: Road. Differential: 10 mm.Heel/Toe: 22 mm/12 mm.Breathable mesh and synthetic uppers provide superior fit, breathability and durability. Lace-up closure. Discrete eyelets disburse lace tension for optimal comfort. Soft, plush tongue and collar. Heel Clutching System™ is made up of an exoskeletal heel counter that promotes an improved fit and increased support.Ortholite® sockliner provides excellent support and reliable cushioning for long-lasting wear.I.G.S®  features linked components to enhance the foot's natural gait from heel strike through toe-off.Dynamic DuoMax® Support System increases stability and support with reduced weight and enhanced platform comfort.SpevaFoam™ 45 lasting employs 45-degree full-length lasting material for a soft platform feel and improved comfort.Rearfoot \u0026 forefoot GEL® cushioning systems work together to better attenuate impacting shock and allow the foot to move fluidly throughout the gait cycle.FlyteFoam® Lyte Technology midsole provides continuous cushioning and underfoot support due to organic nano fibers that help prevent packing out.SpevaFoam™ midsole provides excellent shock absorption and decreases midsole breakdown.Guidance Line® technology employs a vertical flex groove that decouples the tooling along the line of progression for maximum stride efficiency.Guidance Trusstic System® integrates Guidance Line construction to enhance gait efficiency while promoting mid-foot structural integrity.HG10MM® Heel Gradient shifts body mass forward reducing the strain on lower limbs.Durable AHAR™ rubber outsole for excellent ground contact and long-lasting support with each step.Imported.Product measurements were taken using size 7, width B - Medium. Please note that measurements may vary by size.Weight of footwear is based on a single item, not a pair.Measurements:\n\n"}
{"_id":{"$oid":"610911e1e667e56a77541172"},"PRODUCT_BRAND":"ASICS","PRODUCT_NAME":"GEL-Contend® 7","PRODUCT_PRICE":"52.00","PRODUCT_DISCOUNT":"20% OFF","PRODUCT_MSRP":"65.00","AVAILABLE_COLOURS":["Aqua Angel/White","Black/Carrier Grey","Black/Hot Pink","Black/Lilac Opal","French Blue/Champagne","French Blue/Fresh Ice","Graphite Grey/Silver Aqua","Midnight Blue/Hot Pink","Sheet Rock/Pink Salt","White/Mist","White/Silver Grape"],"PRODUCT_REVIEWS":"","PRODUCT_IMAGE":"https://m.media-amazon.com/images/I/81snXhKJd8L._AC_SR700,525_.jpg","PRODUCT_DESCRIPTION":"The ASICS® GEL-Contend® 7 running shoes have a versatile, lightweight construction with all the durability, long-lasting support, and stability you need for a full day of running, commuting to work, and simply for everyday wear. SKU: #9462706Predecessor: GEL-Contend 6. Support Type: Neutral to underpronation.Cushioning: Lightweight, flexible response.Surface: Road. Differential: 10 mm. Heel/Toe: 22 mm/12 mm.Built for the low-mileage runner looking for a versatile, everyday shoe. Breathable mesh and synthetic upper materials. Laminate mid-foot cage provides structural support. Lace-up closure. Soft heel collar feels like silk against the skin.Rubber toe guard for added front foot protection. Internal heel counter provides added stability so your foot feels secure. Breathable fabric lining offers a great in-shoe feel. Ortholite® sockliner provides excellent underfoot support, comfort, and moisture management.AmpliFoam™ midsole is engineered to maintain durability at softer densities, providing better flexibility, comfort, and platform adaptability ideal for natural running.Rearfoot GEL® cushioning system attenuates impacting shock, allowing for a smooth transition throughout the gait cycle. Durable rubber outsole delivers reliable grip.Imported. Product measurements were taken using size 7, width B - Medium. Please note that measurements may vary by size.Weight of footwear is based on a single item, not a pair.Measurements:\n\n"}
{"_id":{"$oid":"610911e2e667e56a77541173"},"PRODUCT_BRAND":"ASICS","PRODUCT_NAME":"GEL-Contend® 7","PRODUCT_PRICE":"59.95","PRODUCT_DISCOUNT":"8% OFF","PRODUCT_MSRP":"65.00","AVAILABLE_COLOURS":["Aqua Angel/White","Black/Carrier Grey","Black/Hot Pink","Black/Lilac Opal","French Blue/Champagne","French Blue/Fresh Ice","Graphite Grey/Silver Aqua","Midnight Blue/Hot Pink","Sheet Rock/Pink Salt","White/Mist","White/Silver Grape"],"PRODUCT_REVIEWS":"","PRODUCT_IMAGE":"https://m.media-amazon.com/images/I/71qgmbvkgKL._AC_SR700,525_.jpg","PRODUCT_DESCRIPTION":"The ASICS® GEL-Contend® 7 running shoes have a versatile, lightweight construction with all the durability, long-lasting support, and stability you need for a full day of running, commuting to work, and simply for everyday wear. SKU: #9462706Predecessor: GEL-Contend 6. Support Type: Neutral to underpronation.Cushioning: Lightweight, flexible response.Surface: Road. Differential: 10 mm. Heel/Toe: 22 mm/12 mm.Built for the low-mileage runner looking for a versatile, everyday shoe. Breathable mesh and synthetic upper materials. Laminate mid-foot cage provides structural support. Lace-up closure. Soft heel collar feels like silk against the skin.Rubber toe guard for added front foot protection. Internal heel counter provides added stability so your foot feels secure. Breathable fabric lining offers a great in-shoe feel. Ortholite® sockliner provides excellent underfoot support, comfort, and moisture management.AmpliFoam™ midsole is engineered to maintain durability at softer densities, providing better flexibility, comfort, and platform adaptability ideal for natural running.Rearfoot GEL® cushioning system attenuates impacting shock, allowing for a smooth transition throughout the gait cycle. Durable rubber outsole delivers reliable grip.Imported. Product measurements were taken using size 7, width B - Medium. Please note that measurements may vary by size.Weight of footwear is based on a single item, not a pair.Measurements:\n\n"}
{"_id":{"$oid":"610911e4e667e56a77541174"},"PRODUCT_BRAND":"ASICS","PRODUCT_NAME":"GEL-Venture 8","PRODUCT_PRICE":"59.95","PRODUCT_DISCOUNT":"14% OFF","PRODUCT_MSRP":"70.00","AVAILABLE_COLOURS":["Black/Baltic Jewel","Black/Digital Aqua","Black/Ivory","Carrier Grey/Ginger Peach","Mako Blue/Pink Glow","Piedmont Grey/Metropolis"],"PRODUCT_REVIEWS":"","PRODUCT_IMAGE":"https://m.media-amazon.com/images/I/71bvqG6UMHS._AC_SR700,525_.jpg","PRODUCT_DESCRIPTION":"Grab the ASICS® GEL-Venture 8 running shoes for the next hike or workout. With a durable traction pattern to conquer the terrain, they are sure to get the job done right. SKU: #9488707Surface: Trail.Cushioning: Regular.Support Type: Neutral (pronation).Textile and synthetic upper.Textile lining.Textile insole. Synthetic outsole. Imported.Product measurements were taken using size 7, width B - Medium. Please note that measurements may vary by size.Weight of footwear is based on a single item, not a pair.Measurements:\n\n"}
{"_id":{"$oid":"610911e5e667e56a77541175"},"PRODUCT_BRAND":"ASICS","PRODUCT_NAME":"GEL-Challenger 13","PRODUCT_PRICE":"94.95","PRODUCT_DISCOUNT":"5% OFF","PRODUCT_MSRP":"100.00","AVAILABLE_COLOURS":["Black/White","Lapis Lazuli Blue/White","Peacoat/Smokey Rose","White/Pure Silver"],"PRODUCT_REVIEWS":"","PRODUCT_IMAGE":"https://m.media-amazon.com/images/I/61tetuF5c0S._AC_SR700,525_.jpg","PRODUCT_DESCRIPTION":"Ace the competition and make the transition from court to street with ASICS® and the Gel-Challenger 13 tennis shoe.SKU: #9514722Made for the recreational tennis player.Breathable mesh, textile, and synthetic upper materials.Flexion Fit® upper provides a snug fit that doesn't sacrifice support.Traditional lace-up closure.PGuard® Toe Protector overlay boots durability.Padded tongue and collar.P.H.F.® (Personal Heel Fit) employs two layers of memory foam that line the collar and mold to the athlete's heel, creating a personalized fit.Comfortable fabric lining.Molded foam footbed.Solyte® midsole material is a lighter weight midsole compound than standard EVA or SpEVA®.Forefoot and rearfoot GEL® Cushioning System attenuates shock during impact phase and allows for a smooth transition to mid-stance.Trusstic System® reduces weight of the sole unit without sacrificing structural integrity.AHAR® Plus rubber is placed in critical areas of the outsole for exceptional durability.Imported. Product measurements were taken using size 8.5, width B - Medium. Please note that measurements may vary by size.Weight of footwear is based on a single item, not a pair.Measurements:\n\n"}
